dataset,model,base_model,family,output_transformation,seq_len,pred_len,features,mse_NN,mse_RR,mse_NR,mse_RN,mae_NN,mae_RR,mae_NR,mae_RN,RR_over_NN,NR_over_NN,RN_over_NN,RR_over_RN,RR_over_NR,NR_over_RR,NR_over_RN,mismatch_over_matched,interaction,log_RR_over_NN,log_NR_over_NN,log_RN_over_NN,log_mismatch_over_matched,log_interaction,abs_log_interaction,direction_asymmetry_NR_over_RN,abs_log_direction_asymmetry
ETTh1,ols,dlinear_ols,linear,raw,96,96,M,0.3814801240542964,0.3793783089051643,0.3800433139060087,0.3807556644828804,0.3929667859875138,0.3920820966340917,0.3919174718322504,0.3932840289915889,0.9944903678682013,0.9962335910636246,0.9981009244630714,0.9963825736392214,0.9982501862905845,1.0017528809244882,0.9981291136460461,0.999921858563964,1.0001495458263334,-0.005524866136520925,-0.003773519714861763,-0.0019008810671303472,-7.81444892370849e-05,0.0001495346454710194,0.0001495346454710194,0.9981291136460461,0.001872638647731406
ETTh1,ols,dlinear_ols,linear,raw,96,192,M,0.4318271926181752,0.4303737570398181,0.4326878007009845,0.4302212216532098,0.424339147092337,0.4208314512417548,0.42142150500108,0.4238965023147442,0.9966342194210955,1.0019929455521117,0.9962809869493665,1.0003545510517176,0.9946519322767652,1.0053768233385854,1.0057332807486725,1.0008212385946476,0.9983648642361533,-0.0033714575602521333,0.001990962270735576,-0.003725945773597977,0.0008209015627426687,-0.0016364740573898175,0.0016364740573898175,1.0057332807486725,0.00571690804433361
ETTh1,ols,dlinear_ols,linear,raw,96,336,M,0.475388963731009,0.4755604386416044,0.4803552513727301,0.4714422614365709,0.4506262692043437,0.4429130796159751,0.4449316903970243,0.4479407427927041,1.0003607044413687,1.0104467878318926,0.9916979513713086,1.0087352737374131,0.9900181944146059,1.0100824466072529,1.018905793275723,1.0008918565326101,0.9983061808745496,0.00036063940316094083,0.010392597228967697,-0.00833670256681216,0.0008914590648780073,-0.0016952552589947058,0.0016952552589947058,1.018905793275723,0.01872929979577987
ETTh1,ols,dlinear_ols,linear,raw,96,720,M,0.5000009760985757,0.4946958765769658,0.503505632036233,0.4802374207357408,0.4969451622474762,0.4666486882998535,0.4727230721230731,0.480889107996215,0.98938982166994,1.0070092981917826,0.9604729664388925,1.0301068913352776,0.9825031640189613,1.0178084271092496,1.0484514748243576,0.9889878007816109,1.0229368221177002,-0.01066686761769243,0.0069848472506806696,-0.04032944247008847,-0.011073282337815071,0.022677727601715325,0.022677727601715325,1.0484514748243576,0.04731428972076905
ETTh2,ols,dlinear_ols,linear,raw,96,96,M,0.3405435676928283,0.345909164925231,0.3436265067262419,0.3428101083265554,0.3933642669185136,0.3989568915617149,0.3974299004068499,0.3949276776631331,1.0157559787981152,1.0090529944649973,1.006655655395528,1.0090401552445574,1.006642846678902,0.9934009895358439,1.002381488701345,0.9999765205024379,0.9999872759701319,0.015633141960539717,0.009012261761327703,0.006633604310031087,-2.347977320981316e-05,-1.2724110819226698e-05,1.2724110819226698e-05,1.002381488701345,0.002378657451296651
ETTh2,ols,dlinear_ols,linear,raw,96,192,M,0.4689830430004011,0.4804778281215179,0.4681574688375992,0.481550343348584,0.4697772665540426,0.4832010528768941,0.4765496493300096,0.4767321928688138,1.0245100228945954,0.9982396502920017,1.0267969184296757,0.9977727869123546,1.0263166991963393,0.9743581106914203,0.972188007555235,1.0002600855620014,0.9995323133282571,0.02421447185500935,-0.0017619009442917577,0.026444168870566605,0.0002600517456149389,-0.000467796071265498,0.000467796071265498,0.972188007555235,0.028206069814858434
ETTh2,ols,dlinear_ols,linear,raw,96,336,M,0.5845319827634773,0.6200279227829898,0.578093636259079,0.6289175046434637,0.5348068150059789,0.5633532706136664,0.5437078322447643,0.5558555769817503,1.060725402657523,0.9889854675291505,1.0759334359604176,0.9858652656432046,1.0725389173893578,0.9323670999594837,0.9191883386785409,1.0020349634292065,0.9968450477904985,0.05895301619841572,-0.011075641573400035,0.07318859733571166,0.0020328956958267533,-0.003159939563896004,0.003159939563896004,0.9191883386785409,0.08426423890911172
ETTh2,ols,dlinear_ols,linear,raw,96,720,M,0.8104608639473379,0.9640571992090924,0.8369902848937434,0.9396686507423396,0.6480298931526445,0.7124231493448465,0.6631119235646167,0.6972136261366219,1.1895172760269581,1.0327337470895195,1.1594250784247584,1.0259544132365017,1.151814085072063,0.8681956688673721,0.890729178027297,1.0012064529091604,0.9934355453454259,0.17354757442754432,0.03220940966377874,0.14792426020944732,0.0012057257296625439,-0.0065860954456816575,0.0065860954456816575,0.890729178027297,0.11571485054566866
ETTm1,ols,dlinear_ols,linear,raw,96,96,M,0.3445113749611911,0.3470090945339764,0.3467075546825424,0.3448019857916967,0.3713999112809146,0.3724262759688146,0.3720516828205151,0.3717919332787814,1.0072500351347373,1.006374766933599,1.0008435449498243,1.0064010905772829,1.0008697239138908,0.9991310318484911,1.0055265600819274,0.9999841956653337,1.0000261568995459,0.007223879971162938,0.006354534047966244,0.0008431893657365076,-1.5804459556115814e-05,2.6156557460149956e-05,2.6156557460149956e-05,1.0055265600819274,0.005511344682229523
ETTm1,ols,dlinear_ols,linear,raw,96,192,M,0.38086127153255,0.3843457080948239,0.3841789914454893,0.3809772292417238,0.3897867997632719,0.3919946573641324,0.3917482160242351,0.3900958520154347,1.009148834031491,1.0087110981370961,1.0003044618023438,1.0088416802752347,1.0004339556640183,0.9995662325718141,1.008404077614135,0.9999336663915618,1.00012945444774,0.009107236966693615,0.008673375434202798,0.00030441546325465387,-6.633580860931984e-05,0.00012944606923599164,0.00012944606923599164,1.008404077614135,0.008368959970948196
ETTm1,ols,dlinear_ols,linear,raw,96,336,M,0.4124151215066102,0.419232224250175,0.4191372080359899,0.4125262342583425,0.4119688438154714,0.4130656967003002,0.4130985188523042,0.4120758812502939,1.0165297109346063,1.0162993211908016,1.0002694196840465,1.0162559115879959,1.000226694772889,0.9997733566059837,1.0160255838990044,1.000019355003812,0.9999572865966742,0.016394582320803715,0.01616791323929194,0.00026938339708087214,1.9354816506224508e-05,-4.271431556923333e-05,4.271431556923333e-05,1.0160255838990044,0.01589852984221114
ETTm1,ols,dlinear_ols,linear,raw,96,720,M,0.4710537215784853,0.4835124034151342,0.4842606189434197,0.4705587983107813,0.4483448827202737,0.447020265078995,0.4480617918838175,0.4475337263388072,1.0264485371114367,1.0280369239429392,0.9989493273377704,1.0275281328302732,0.9984549321191593,1.0015474588097446,1.0291181902916817,1.0002653480507526,0.9995050847875049,0.026104821891234923,0.027651084620360245,-0.0010512250056731551,0.000265312852185047,-0.0004950377234522553,0.0004950377234522553,1.0291181902916817,0.028702309626033262
ETTm2,ols,dlinear_ols,linear,raw,96,96,M,0.1979340029975327,0.1998613677212344,0.198582307078238,0.1992053758936126,0.2972914725463918,0.2989417098893661,0.2975577898871172,0.2987458652903643,1.009737410927448,1.0032753547692026,1.0064232162075546,1.0032930427940465,1.0064409597300752,0.9936002607328276,0.9968722289115965,0.9999806741166883,1.0000176302794244,0.009690307869377352,0.0032700024786863195,0.006402675266678506,-1.9326070058949447e-05,1.7630124012813577e-05,1.7630124012813577e-05,0.9968722289115965,0.003132672787992198
ETTm2,ols,dlinear_ols,linear,raw,96,192,M,0.2882235720064894,0.2913616052876938,0.2891655595883149,0.2904148296023252,0.3640000220046231,0.3645717542150403,0.3628348601033531,0.3658291301518607,1.0108874970196182,1.0032682530969546,1.0076026314592563,1.0032600803707754,1.007594423424786,0.9924628171333334,0.9956983256821942,0.9999917387405155,0.999991853897346,0.010828654934030863,0.0032629239659440756,0.007573877103920455,-8.261293608890926e-06,-8.146135833657493e-06,8.146135833657493e-06,0.9956983256821942,0.004310953137976448
ETTm2,ols,dlinear_ols,linear,raw,96,336,M,0.3892003210510681,0.393749445001072,0.3905345580414141,0.3924259853146336,0.4310135027743191,0.4322779177756853,0.4301953306148074,0.4331442911590248,1.0116883869409938,1.0034281497680753,1.0082879280645358,1.003372507774625,1.0082320165871645,0.9918351962130407,0.9951801681234158,1.0000137650004828,0.9999445481039543,0.011620605406283296,0.0034222870576711747,0.008253771782171206,1.3764905746029621e-05,-5.5453433558948236e-05,5.5453433558948236e-05,0.9951801681234158,0.00483148472449995
ETTm2,ols,dlinear_ols,linear,raw,96,720,M,0.5567356044643684,0.5707064955676765,0.564651082369348,0.5628065727613996,0.5237269916239066,0.5341516907855548,0.5309351277175638,0.5270562869117548,1.0250943014804117,1.0142176606660445,1.0109045806453711,1.014036656977043,1.0107241682295538,0.9893896192782856,1.003277341980742,1.000013796804911,0.9998215336845123,0.024784609802802275,0.014117537622993984,0.010845554422303722,1.3796709735944094e-05,-0.0001784822424955461,0.0001784822424955461,1.003277341980742,0.0032719832006903237
electricity,ols,dlinear_ols,linear,raw,96,96,M,0.1945653911502309,0.1915115183658456,0.1915120745164011,0.1944807603122161,0.2774011741833414,0.2765447200801124,0.2766755524743667,0.2772194966008173,0.984304131550162,0.9843069899750454,0.9995650262489414,0.9847324643239582,0.9999970960026573,1.0000029040057759,0.9847353239927223,0.9997822333183182,1.0004322577745015,-0.0158203529056516,-0.015817448904092236,-0.00043506837958227516,-0.0002177903962885522,0.00043216437802296814,0.00043216437802296814,0.9847353239927223,0.015382380524510046
electricity,ols,dlinear_ols,linear,raw,96,192,M,0.1938402293569773,0.1902302513284864,0.1902178328031109,0.1937740137194246,0.2802755338096012,0.2791424260018497,0.2791801141208965,0.2802141967999547,0.981376528285866,0.9813124625064522,0.9996584009533399,0.9817118801282126,1.0000652858104442,0.9999347184515145,0.9816477924565112,0.9997952611125233,1.0004070238960792,-0.018799072174530345,-0.018864355853948803,-0.0003416574049048889,-0.00020475984934395185,0.0004069410843233189,0.0004069410843233189,0.9816477924565112,0.018522698449044018
electricity,ols,dlinear_ols,linear,raw,96,336,M,0.2067783432583612,0.204891707660944,0.2048988961129787,0.2065540840081695,0.2960530579105049,0.2951671436655043,0.2952113093926637,0.2958794184643792,0.9908760483922636,0.9909108124392205,0.9989154606490318,0.9919518592178515,0.9999649170777829,1.0000350841530716,0.99198666100872,0.9994727068493997,1.001050595841283,-0.009165829778434883,-0.00913074624079766,-0.001085127889337255,-0.000527432218522153,0.0010500443517000913,0.0010500443517000913,0.99198666100872,0.008045618351460414
electricity,ols,dlinear_ols,linear,raw,96,720,M,0.2423158813166889,0.2363799619324365,0.2366602223832742,0.2419093556011839,0.3292184011214843,0.3228250999481158,0.3230871629582419,0.3290706374656569,0.9755033828076064,0.9766599741515778,0.998322331523233,0.9771427043199468,0.9988157686660845,1.0011856354005075,0.978301239301536,0.9997362307058898,1.0004942663579393,-0.02480165115706339,-0.02361671806713944,-0.0016790773384817012,-0.0002638040873488563,0.0004941442485576755,0.0004941442485576755,0.978301239301536,0.021937640728657785
exchange_rate,ols,dlinear_ols,linear,raw,96,96,M,0.0802464999170322,0.1095029644860694,0.1007151774739254,0.0825076328318847,0.202160142603275,0.2318032753312708,0.2204502127085447,0.2067780757946812,1.3645824378544336,1.2550725275003396,1.0281773400358933,1.327185870296263,1.0872538502393951,0.9197484099778691,1.2206770939500822,0.9656038338878979,1.0574575103954729,0.31084847550428796,0.22719336175084512,0.02778766191741749,-0.03500163873455806,0.055867451836025366,0.055867451836025366,1.2206770939500822,0.19940569983342774
exchange_rate,ols,dlinear_ols,linear,raw,96,192,M,0.1659577851668483,0.2903883206969996,0.2552397343854352,0.1774759108616186,0.3002952827733089,0.3886627943134976,0.3609596607546399,0.3128652956112823,1.7497722110779743,1.5379798792134147,1.06940394922233,1.6362125952035316,1.1377081291680349,0.8789600551867939,1.4381655129774233,0.9482181170976303,1.063871262113232,0.5594856143649107,0.4304697885618652,0.06710143645846932,-0.053170721865150206,0.06191438934457616,0.06191438934457616,1.4381655129774233,0.36336835210339574
exchange_rate,ols,dlinear_ols,linear,raw,96,336,M,0.3024518382614224,0.6257735268602578,0.5408210633540828,0.3388239579434019,0.4120847569928778,0.5948210527304999,0.5508692471191082,0.4381231641586926,2.0690022267921355,1.7881229172316266,1.1202575586614272,1.8468986982460924,1.1570805378387334,0.8642440757562666,1.596171258481146,0.9476632015783935,1.0328701010697086,0.7270664750277546,0.5811664200437203,0.11355862196010466,-0.053756112448006904,0.03234143302392947,0.03234143302392947,1.596171258481146,0.4676077980836156
exchange_rate,ols,dlinear_ols,linear,raw,96,720,M,0.8297614958058462,1.9609136524765456,1.745060766959535,0.9044981758716064,0.6821429652234731,1.0953951355313212,1.021575956756713,0.7199264835699793,2.363225652658357,2.103087183220969,1.0900700748872152,2.1679575534654227,1.1236936212216246,0.8899222894162636,1.929313749337231,0.9494329515428892,1.0308453072045745,0.8600274877878387,0.7434063524570625,0.08624198306196376,-0.051890365711911815,0.030379152268812482,0.030379152268812482,1.929313749337231,0.6571643693950989
illness,ols,dlinear_ols,linear,raw,104,24,M,2.1952276006802394,0.661330867893932,0.6480650432335563,2.2874501164990253,1.0237821211113034,0.5612086059463105,0.5638163550725419,1.0470157095061086,0.30125845160155795,0.29521542232465514,1.0420104574988984,0.2891126950152287,1.0204698969630968,0.9799407145433542,0.28331330093677803,1.0276404953817806,0.9793278844940724,-1.1997867394619035,-1.2200499439732657,0.041151979268241504,0.02726539320560202,-0.020888774756879412,0.020888774756879412,0.28331330093677803,1.261201923241507
illness,ols,dlinear_ols,linear,raw,104,36,M,2.221240641577469,0.6512002886524757,0.6523722742391049,2.355466011335429,1.0468768526077767,0.5705719919231085,0.5776524154605897,1.0802279831097088,0.2931696262274446,0.29369725280004183,1.060428108168702,0.27646346222728063,0.9982035018456353,1.0017997313684464,0.27696102219248037,1.0471366891898974,0.941321240125816,-1.2270039083759674,-1.2252057945835095,0.05867270221901686,0.04605947655704265,-0.060470816011474623,0.060470816011474623,0.27696102219248037,1.2838784968025263
illness,ols,dlinear_ols,linear,raw,104,48,M,2.2623476904067825,0.6308531161309939,0.6513003638669457,2.4582414386703997,1.0686957001628437,0.5689495468105507,0.5863676326226168,1.1193750933636102,0.2788488784487247,0.2878869444465622,1.0865887012391073,0.2566278097045693,0.9686055023606145,1.0324120579150884,0.264945645135336,1.074775658679032,0.8914187136826024,-1.2770852982141045,-1.2451874299206769,0.08304315681056923,0.07211195020002087,-0.11494102510399674,0.11494102510399674,0.264945645135336,1.328230586731246
illness,ols,dlinear_ols,linear,raw,104,60,M,2.385154406727298,0.6613957751166054,0.7009904924048795,2.654470007298234,1.1037811236802175,0.5830303764427566,0.6126794281636629,1.1710540626607988,0.27729683799553895,0.29389732187892936,1.11291327714941,0.24916302436951834,0.943516042346827,1.0598653919149899,0.2640792664741238,1.1013967600797057,0.8477893666283925,-1.282666729254343,-1.224524817953566,0.10698115115288155,0.09657915620373482,-0.16512306245365874,0.16512306245365874,0.2640792664741238,1.3315059691064473
traffic,ols,dlinear_ols,linear,raw,96,96,M,0.648631942461111,0.65466000975808,0.6548172086194494,0.6481967387316556,0.3960947061173274,0.3963342281573914,0.3970714131223929,0.39535670860272,1.0092935097739661,1.0095358642605075,0.9993290436363585,1.0099711563484124,0.9997599347431617,1.0002401229020044,1.0102136735534155,0.9997866902595289,1.0004311804100432,0.009250590818902471,0.009490684896017265,-0.0006711815555973575,-0.00021333249422954785,0.00043108747848274716,0.00043108747848274716,1.0102136735534155,0.010161866451614413
traffic,ols,dlinear_ols,linear,raw,96,192,M,0.598342341433408,0.6024029247148405,0.6023170376600553,0.5980168431964856,0.3704324417951998,0.3682229432342873,0.3685749687767425,0.3698641549960888,1.006786387992708,1.0066428463296202,0.9994559999946809,1.0073343778996435,1.0001425944302005,0.9998574259000721,1.007190758107388,0.9996573917022157,1.0006869681461947,0.006763464116816203,0.006620879852235163,-0.000544148027006928,-0.0003426670014157916,0.0006867322915880098,0.0006867322915880098,1.007190758107388,0.007165027879242163
traffic,ols,dlinear_ols,linear,raw,96,336,M,0.6051667731221522,0.6143027170452885,0.6141508529920391,0.6047808930339744,0.3732005572455075,0.3747267045781906,0.3753494778253166,0.3723321973289808,1.0150965722655303,1.0148456264767092,0.9993623574437391,1.015744254028176,1.0002472748389253,0.9997527862908049,1.015493148123544,0.9995590343622673,1.0008854820162025,0.014983753056936147,0.014736508785394856,-0.0006378459367362684,-0.00044106289167097115,0.0008850902082775451,0.0008850902082775451,1.015493148123544,0.015374354722131138
traffic,ols,dlinear_ols,linear,raw,96,720,M,0.6456079473866364,0.664829196922981,0.664711540934359,0.6453045998816452,0.3949643513422158,0.4004566658166878,0.4015074408281461,0.3936585384859138,1.0297723248515613,1.0295900842377363,0.999530136662321,1.030256404564475,1.0001770030778412,0.9998230282467038,1.0300740782822146,0.9996787304942925,1.0006471704972102,0.029337733974319966,0.029160746559675158,-0.0004699737580466789,-0.00032132112381103755,0.0006469611726915288,0.0006469611726915288,1.0300740782822146,0.02963072031772188
weather,ols,dlinear_ols,linear,raw,96,96,M,0.195037645364608,0.1936322870333997,0.1943434650864698,0.1942468881161027,0.2533440101144976,0.2495028987770713,0.2513551742508625,0.2513892270677259,0.9927944252578467,0.9964407882547983,0.9959456173344021,0.9968359797746895,0.9963406124679641,1.0036728278324132,1.0004971867055568,0.9997952525039839,1.000396603114354,-0.007231660278892052,-0.0035655608089101842,-0.004062623958108884,-0.00020476845964617843,0.0003965244881271702,0.0003965244881271702,1.0004971867055568,0.000497063149198694
weather,ols,dlinear_ols,linear,raw,96,192,M,0.2354719921656459,0.2327570122780564,0.2337256266089449,0.2343707042745374,0.2923500575944353,0.2886032196196126,0.2909818211339663,0.289852430937258,0.9884700517347319,0.9925835529710365,0.9953230620721389,0.99311478795323,0.9958557632513737,1.0041614829190681,0.9972476181799714,0.9997166481380673,1.000535204296508,-0.011596933507473262,-0.00744408561040624,-0.004687909022837248,-0.0002833920136564546,0.0005350611257700585,0.0005350611257700585,0.9972476181799714,0.0027561765875690836
weather,ols,dlinear_ols,linear,raw,96,336,M,0.2812729100756499,0.2736733512229941,0.2749141255043434,0.2797619322727223,0.3303264939738943,0.327061065617157,0.3298627735778339,0.3274345989650091,0.9729815471720619,0.9773928297268433,0.9946280720652364,0.978236563494304,0.9954866841451924,1.0045337782279662,0.982671671127675,0.9995130996631171,1.0008632493934875,-0.02739016185565735,-0.022866630241292003,-0.00538640862238751,-0.00048701891134280957,0.0008628770080220721,0.0008628770080220721,0.982671671127675,0.017480221618904394
weather,ols,dlinear_ols,linear,raw,96,720,M,0.3450693811500002,0.3267928583390224,0.3284954342946988,0.3422565031222454,0.3806315498267627,0.3741215511428444,0.3779209325230208,0.3763703304431792,0.9470352230323412,0.9519692335493054,0.9918483696861762,0.9548185508758622,0.9948170483424467,1.0052099546003852,0.959793112177531,0.9983474259947652,1.002993077114408,-0.05441899215581711,-0.049222562413309315,-0.008185036519431164,-0.0016539410119168906,0.0029886067769234895,0.0029886067769234895,0.959793112177531,0.04103752589387818
ETTh1,revin_ols,dlinear_ols,linear,revin_current_no_floor,96,96,M,0.3877805307048282,0.384686281552737,0.3861475104045938,0.3849447390529718,0.3951896230633527,0.3941213803777332,0.3941205070624773,0.394371059277312,0.9920206175733807,0.9957888027610199,0.9926871221546318,0.9993285854461328,0.9962158791330138,1.0037984948305376,1.0031245299119582,0.9982205542319904,1.0035547524488104,-0.008011388069111615,-0.004220089303010385,-0.007339748015551339,-0.001781030862302225,0.003548449249449938,0.003548449249449938,1.0031245299119582,0.003119658712540776
ETTh1,revin_ols,dlinear_ols,linear,revin_current_no_floor,96,192,M,0.441069516182786,0.4360205642409049,0.4414641588067448,0.4341594132265543,0.4260918135529075,0.423736614378568,0.4246950629884016,0.4224134877952909,0.9885529338196459,1.0008947401928254,0.9843333018884759,1.004286791804234,0.9876692264655105,1.0124847197868223,1.0168250309855165,0.9983279842936048,1.0033890193196089,-0.011513088164684451,0.0008943401514233958,-0.015790717851658927,-0.0016734150847289788,0.0033832895355509892,0.0033832895355509892,1.0168250309855165,0.01668505800308213
ETTh1,revin_ols,dlinear_ols,linear,revin_current_no_floor,96,336,M,0.4863167475362365,0.4840750748225708,0.4896081699092814,0.4715157974478554,0.4512429967841456,0.4488102946573011,0.447700782037045,0.4406437233971702,0.9953905089120981,1.0067680629748406,0.9695652058799841,1.0266359630847879,0.9886989322753011,1.011430241659806,1.0383706602394946,0.9904493681952694,1.0197343368752092,-0.0046201475518068925,0.006745262455709834,-0.030907549335738856,-0.00959653157029399,0.019542139328222106,0.019542139328222106,1.0383706602394946,0.03765281179144875
ETTh1,revin_ols,dlinear_ols,linear,revin_current_no_floor,96,720,M,0.487736560739837,0.5349604785739234,0.5054957343445979,0.4496993904738839,0.476157852259817,0.4905604852513713,0.4680321810088074,0.4475333774994612,1.0968225916106298,1.0364114053246745,0.9220128788207812,1.1895957386337417,1.0582888088413407,0.9449216429821669,1.1240747598343797,0.9339961768730913,1.1478026317754382,0.09241744680240524,0.03576417439697816,-0.08119608717084248,-0.06828293404530006,0.1378493595762696,0.1378493595762696,1.1240747598343797,0.11696026156782079
ETTh2,revin_ols,dlinear_ols,linear,revin_current_no_floor,96,96,M,0.3836778179515689,0.3414356086924678,0.3868333122904128,0.3426978072420585,0.4033278817240718,0.3752784190941909,0.4074589327133692,0.3743160086989507,0.8899018726580818,1.0082243335194379,0.8931916081875673,0.9963168759095702,0.8826427245131802,1.1329612449380897,1.128788408083335,1.0060924163394416,0.9881896744464578,-0.11664407777488686,0.008190697982591038,-0.11295415428242897,0.006073932606753383,-0.011880621475048916,0.011880621475048916,1.128788408083335,0.12114485226502011
ETTh2,revin_ols,dlinear_ols,linear,revin_current_no_floor,96,192,M,0.8629460838396449,0.4841666124827012,0.9145200888257464,0.4996567392136108,0.6282289809629799,0.4627149010359055,0.6407688208028548,0.4606632460156998,0.5610624134574211,1.059765037413027,0.5790126968192586,0.9689984633144569,0.5294215167043256,1.888854095362516,1.8302967158314967,1.0497836089735462,0.9143521715717865,-0.5779231257129037,0.05804722073524324,-0.5464308727734818,0.048584056238790856,-0.08953947367466536,0.08953947367466536,1.8302967158314967,0.6044780935087252
ETTh2,revin_ols,dlinear_ols,linear,revin_current_no_floor,96,336,M,2.140319257108673,0.5122490794618839,2.5591705471444985,0.5059719946488119,1.020558171699907,0.4871420422118033,1.110123823833273,0.4716764488008424,0.2393330236881922,1.1956957069113352,0.2364002440142142,1.0124059925835003,0.20016215020661568,4.995949528758352,5.05792924155967,1.155537634802714,0.8467087292624805,-1.4298992923847862,0.17872819749732227,-1.4422289612416987,0.1445657203470468,-0.16639852864041008,0.16639852864041008,5.05792924155967,1.620957158739021
ETTh2,revin_ols,dlinear_ols,linear,revin_current_no_floor,96,720,M,5.322574292908107,0.8287069294646427,7.125882954190162,0.6831219872494032,1.5346857462693049,0.6493795122359453,1.805573997795868,0.563395649617041,0.15569663923128826,1.3388038497996761,0.12834428411071822,1.2131170492717394,0.11629533277379282,8.598797356254268,10.43134767610481,1.2694924291605347,0.9061200783469937,-1.8598457852737398,0.2917765659108614,-2.053038906270053,0.23861715850600668,-0.09858344491454801,0.09858344491454801,10.43134767610481,2.3448154721809145
ETTm1,revin_ols,dlinear_ols,linear,revin_current_no_floor,96,96,M,0.554379438188006,0.6337182629632185,0.5569451125354166,0.6308674700157745,0.4829419128772528,0.5203293420535068,0.4815538439635479,0.5183826059758597,1.1431128561234742,1.004628011377544,1.1379705424821858,1.004518846006393,1.137846887780921,0.8788528674101697,0.8828242681802733,0.9997600209143092,0.9998913375200424,0.1337551167044642,0.004617335060294565,0.12924645002832216,-0.00024000788527925386,-0.00010866838415254407,0.00010866838415254407,0.8828242681802733,0.12462911496802748
ETTm1,revin_ols,dlinear_ols,linear,revin_current_no_floor,96,192,M,1.1232996970776772,1.3984370988528347,1.118306802104032,1.407420088891209,0.7182650078550796,0.8052812808131999,0.7146968547658188,0.8084408079347009,1.2449367719860887,0.9955551532804341,1.2529337384784183,0.993617406693796,1.2504950307212235,0.7996833057571205,0.794579252442712,1.0015822805421914,0.9980536019724741,0.2190847430736986,-0.0044547544204544594,0.22548779221586715,0.0015810300552413477,-0.0019482947217142176,0.0019482947217142176,0.794579252442712,0.2299425466363217
ETTm1,revin_ols,dlinear_ols,linear,revin_current_no_floor,96,336,M,1.6147451182894392,1.9541166452425336,1.5953497568706765,1.9803252414277417,0.8927433788962155,0.9887361306634672,0.8859064796891055,0.99691864321959,1.2101703377884205,0.9879885926273559,1.226401132288652,0.9867655092017549,1.2248829053483472,0.8164045686600612,0.8055998699084843,1.0019090778006774,0.9987620470168096,0.1907611247325273,-0.012084127224652729,0.20408397183715143,0.0019072578275982166,-0.0012387198799714753,0.0012387198799714753,0.8055998699084843,0.21616809906180412
ETTm1,revin_ols,dlinear_ols,linear,revin_current_no_floor,96,720,M,1.5093266770400935,2.4598152867240657,1.4806386232974602,2.522943699855279,0.8803305729593247,1.143963010712397,0.8660972177972941,1.16942021080269,1.6297434638523411,0.9809928134319518,1.671569010363593,0.9749782711620419,1.6613204924007232,0.6019308162237442,0.5868694665609829,1.0086770288649285,0.9938689232096732,0.48842261829281963,-0.019190145201047042,0.5137627125130951,0.008639599809458227,-0.006149949019228601,0.006149949019228601,0.5868694665609829,0.532952857714142
ETTm2,revin_ols,dlinear_ols,linear,revin_current_no_floor,96,96,M,0.1877804780116398,0.2566059165840976,0.1893842797594535,0.2508362527875521,0.2661072143998608,0.3263206531393314,0.2681796296861021,0.3258578610567557,1.366520733684529,1.0085408332367451,1.3357951552983252,1.0230017141957233,1.3549483458184897,0.738035514849037,0.755011596827888,0.9906255859778932,1.0143384189141538,0.3122678991099053,0.008504566672037568,0.2895267364861763,-0.009418630393241268,0.014236595951691453,0.014236595951691453,0.755011596827888,0.2810221698141388
ETTm2,revin_ols,dlinear_ols,linear,revin_current_no_floor,96,192,M,0.2629625745513069,0.4915833814166459,0.2623326746960938,0.4816109297856533,0.3152020012033453,0.4670977636266029,0.3182641059469586,0.4723670247068795,1.8694043525221593,0.997604602646259,1.8314808888961713,1.0207064479110368,1.8738930710256878,0.5336483791215704,0.5446983414866604,0.9859487001390065,1.023157316238816,0.6256198520626401,-0.0023982709077684295,0.6051248685091654,-0.01415095398960404,0.02289325446124323,0.02289325446124323,0.5446983414866604,0.6075231394169337
ETTm2,revin_ols,dlinear_ols,linear,revin_current_no_floor,96,336,M,0.3482448279244892,0.6280859988291483,0.3474301683130715,0.621618482464167,0.3715551942969416,0.5429096628941322,0.3737195817757265,0.5484009368752105,1.8035759571003243,0.9976606698905681,1.7850042057163131,1.0104043179979838,1.8078050097917118,0.5531570023225105,0.5589122236774854,0.9925412823431862,1.0127735296098357,0.5897713369704645,-0.0023420706169143333,0.5794207713724195,-0.0074866729853710345,0.012692636214959295,0.012692636214959295,0.5589122236774854,0.5817628419893338
ETTm2,revin_ols,dlinear_ols,linear,revin_current_no_floor,96,720,M,0.9557278499274152,0.9330288019337172,0.9599219202406564,0.921483851626121,0.638431893928852,0.6777639360479004,0.6427622915999582,0.6740231140101834,0.9762494647451971,1.0043883520957977,0.9641697180804191,1.012528651790504,0.9719840564738881,1.0288234599523645,1.0417132308360093,0.9961080851855045,1.0081047332714688,-0.024037126104758205,0.004378751356109206,-0.036487943767628074,-0.0038995080227732844,0.00807206630676076,0.00807206630676076,1.0417132308360093,0.0408666951237372
electricity,revin_ols,dlinear_ols,linear,revin_current_no_floor,96,96,M,0.2024668743560796,0.2015051386695706,0.2014559420822646,0.2024482875188087,0.2841571718454435,0.2851822515205788,0.285160320669957,0.2841754527418573,0.9952499109320095,0.9950069250733972,0.9999081981320154,0.995341285121266,1.0002442051934408,0.9997558544281758,0.9950982769540498,0.9998322076223319,1.0003360379103332,-0.004761406594797076,-0.005005581975003116,-9.180608203402086e-05,-0.0001678064563839547,0.00033598146224006383,0.00033598146224006383,0.9950982769540498,0.0049137758929690845
electricity,revin_ols,dlinear_ols,linear,revin_current_no_floor,96,192,M,0.2045282995175898,0.2070050510807168,0.2044953973770857,0.2067825818908873,0.2902370405496214,0.2952650362080484,0.2917446280242026,0.2936760674093622,1.0121095788160797,0.9998391315989928,1.0110218604399224,1.0010758603930523,1.0122724214619039,0.9878763648977217,0.9889391819519475,0.9993794638272637,1.001236927776653,0.012036844466005243,-0.00016088134171622664,0.01096156239598629,-0.0006207287849931487,0.0012361634117352839,0.0012361634117352839,0.9889391819519475,0.011122443737702482
electricity,revin_ols,dlinear_ols,linear,revin_current_no_floor,96,336,M,0.2211476053772879,0.2348344569223339,0.2259239546895732,0.228827555913615,0.3080983132350046,0.3236795221631175,0.3126264185415716,0.3184329738957995,1.061890118691069,1.0215980150639055,1.034727712846923,1.0262507764186695,1.0394402720375713,0.9620562401721666,0.9873109634351119,0.9973013155600297,1.0045543954531597,0.06005045107414023,0.02136808276631888,0.0341383127309295,-0.0027023324535266954,0.004544055576891724,0.004544055576891724,0.9873109634351119,0.012770229964610693
electricity,revin_ols,dlinear_ols,linear,revin_current_no_floor,96,720,M,0.268528943337789,0.3020533067491063,0.2680315359372629,0.3016742324146277,0.3465994376233792,0.3784422412150857,0.3437808857266952,0.3822235810956149,1.1248445064975592,0.9981476581468525,1.1234328361957782,1.0012565684892756,1.1269319697507785,0.8873650112359048,0.8884800461475094,0.998463881877028,1.003114679794165,0.1176448096569961,-0.0018540595598324032,0.1163890299891684,-0.0015372991620478847,0.0031098392276601872,0.0031098392276601872,0.8884800461475094,0.11824308954900091
exchange_rate,revin_ols,dlinear_ols,linear,revin_current_no_floor,96,96,M,0.087426774807812,0.0806508916737034,0.0914012835243041,0.0845726407117489,0.2066104999454276,0.1955604083237092,0.2072467575064931,0.2004159812723334,0.9224964760623523,1.0454610012233572,0.9673540045102057,0.9536286320843156,0.8823824848395908,1.1332953874099065,1.0807429300431737,1.0469798154617171,0.9121608849765004,-0.08067172306136094,0.044457937634979294,-0.03319076519576363,0.04590965325148608,-0.09193889550057655,0.09193889550057655,1.0807429300431737,0.0776487028307429
exchange_rate,revin_ols,dlinear_ols,linear,revin_current_no_floor,96,192,M,0.1844685081394143,0.1739001759805565,0.2119358980178111,0.1702742364869079,0.3106698796628809,0.2912106792876985,0.3162349313881083,0.2918961912269008,0.9427092880760403,1.1489001572975155,0.9230531444327673,1.0212947041693379,0.8205319514391182,1.218721584511262,1.244673900118216,1.0665277169608012,0.8889325131364454,-0.05899732799672428,0.1388050997885797,-0.08006846820317143,0.06440824730305476,-0.11773395958213262,0.11773395958213262,1.244673900118216,0.21887356799175114
exchange_rate,revin_ols,dlinear_ols,linear,revin_current_no_floor,96,336,M,0.3316646785483212,0.319705059704009,0.3766873682087887,0.3131098893283102,0.4213934725364593,0.4069371151579105,0.434186811057599,0.4032638142372558,0.9639406315539573,1.1357476167119436,0.9440555765503147,1.0210634368331415,0.8487278488372464,1.178233990283217,1.203051647512208,1.0589949410113406,0.8990231824471536,-0.036725571792998346,0.1272911272285339,-0.05757024110529434,0.057320289470314575,-0.10644645791623789,0.10644645791623789,1.203051647512208,0.1848613683338281
exchange_rate,revin_ols,dlinear_ols,linear,revin_current_no_floor,96,720,M,0.8199765683042932,0.6969611178011748,0.9037089195860606,0.9952081262913972,0.667880496092293,0.6374248754789085,0.6941311145438078,0.7418636668537945,0.8499768709763089,1.10211554149032,1.213703128553395,0.700316948172813,0.771223015172202,1.2966418018226746,0.9080602295257528,1.251809526041027,0.6354297002524975,-0.1625461404840976,0.09723155232205584,0.1936761228259543,0.2245901253541112,-0.4534538156321077,0.4534538156321077,0.9080602295257528,0.09644457050389839
illness,revin_ols,dlinear_ols,linear,revin_current_no_floor,104,24,M,2.0041221562967184,1.0011597340620764,1.4131043905956808,2.096033523902503,0.8834315353971625,0.6702657479250428,0.8555414017047708,0.9864895652645296,0.49955025491662225,0.7050989312981104,1.0458611603674006,0.47764490531528603,0.7084825018766284,1.411467463700515,0.6741802430548394,1.1676568263881677,0.6774154435831096,-0.6940470755107319,-0.3494171579325066,0.04484062295843287,0.15499902821070335,-0.3894705405366583,0.3894705405366583,0.6741802430548394,0.3942577808909394
illness,revin_ols,dlinear_ols,linear,revin_current_no_floor,104,36,M,1.8303462060284357,0.9863345599525444,1.5426222879833806,2.0771716260469573,0.8765634410511124,0.6837392034098585,0.9179386971087002,1.0029133009252162,0.5388786868320041,0.8428035542689102,1.1348517669529274,0.4748449996063286,0.6393882466471732,1.5639949674455298,0.7426551897009726,1.2851275010463084,0.563411244768934,-0.6182648042179847,-0.17102137984586716,0.12650204060061968,0.25085793602907713,-0.5737454649727373,0.5737454649727373,0.7426551897009726,0.2975234204464868
illness,revin_ols,dlinear_ols,linear,revin_current_no_floor,104,48,M,1.7507855288495469,0.93074919923476,1.5906611922978726,2.1045839272431692,0.8747196265983883,0.6788741062184956,0.9492497939395426,1.0252667940230418,0.5316180559513544,0.9085414324523844,1.2020798050724726,0.442248554304016,0.5851335304724431,1.709011615165156,0.7558079160955615,1.3780336614103565,0.4867676239159228,-0.631829987423853,-0.09591478684470858,0.1840532274801689,0.32065760002196564,-0.7199684280593132,0.7199684280593132,0.7558079160955615,0.27996801432487756
illness,revin_ols,dlinear_ols,linear,revin_current_no_floor,104,60,M,1.66033396369807,0.9389677377635764,1.7272783008207475,2.2001713828221336,0.8712941037188072,0.696809285986876,1.004904036988581,1.0601838731819857,0.5655294406386827,1.040319802272533,1.3251378523400683,0.42677027121367866,0.5436111466909582,1.8395502117407792,0.7850653427757924,1.510963379677852,0.41022988342759376,-0.5699929235279052,0.0395281680693023,0.28151649352839025,0.4127474471781493,-0.891037585125598,0.891037585125598,0.7850653427757924,0.24198832545908788
traffic,revin_ols,dlinear_ols,linear,revin_current_no_floor,96,96,M,0.6628450386313758,0.6664588797561981,0.66795106619036,0.6607063403596816,0.3856493782984092,0.3847699726518303,0.38689793484742,0.3827689293395526,1.0054520150475654,1.0077031994831356,0.9967734566194987,1.008706650814619,0.9977660243246971,1.0022389774965679,1.0109651223064313,0.9995136463312946,1.0009957806346135,0.005437206613014799,0.007673681334542571,-0.0032317598954913146,-0.00048647197701229207,0.0009952851739634732,0.0009952851739634732,1.0109651223064313,0.010905441230034094
traffic,revin_ols,dlinear_ols,linear,revin_current_no_floor,96,192,M,0.6146869902506233,0.614275442268271,0.6160829406411491,0.6120241874639759,0.3624307932895658,0.3579689703038641,0.3593326976560939,0.3599198024349429,0.9993304755283913,1.0022709938760157,0.9956680345787671,1.0036783755452927,0.9970661444204297,1.0029424884156262,1.0066316875383492,0.9993040434832362,1.001404192756127,-0.0006697487032090524,0.0022684190669368365,-0.004341375569563052,-0.000696198806922541,0.0014032077994170788,0.0014032077994170788,1.0066316875383492,0.0066097946364999
traffic,revin_ols,dlinear_ols,linear,revin_current_no_floor,96,336,M,0.6222315624580077,0.6282621237131671,0.6301505165133358,0.6191658141103293,0.3661174792883762,0.3653198087451033,0.3676649068058989,0.3623932533214005,1.0096918279608589,1.0127266994043918,0.9950729784012118,1.0146912335848324,0.9970032670755914,1.003005740325404,1.0177411319434524,0.9990584874113883,1.0019398463391913,0.009645163463503631,0.012646395582861148,-0.004939199386320572,-0.0009419560899856085,0.001937967266963302,0.001937967266963302,1.0177411319434524,0.0175855949691818
traffic,revin_ols,dlinear_ols,linear,revin_current_no_floor,96,720,M,0.6624479812428113,0.6830981418711702,0.6877220375199763,0.6572136825127052,0.3895436904417834,0.3920738477589087,0.3977330889104523,0.3826880626687258,1.0311725014085142,1.0381525146015973,0.9920985513152502,1.0393851498336155,0.9932765050463114,1.0067690063336143,1.0464207544959037,0.9995463529114205,1.001187335400802,0.030696505693520216,0.03744270516577476,-0.007932830547838115,-0.0004537500175501514,0.0011866310755834534,0.0011866310755834534,1.0464207544959037,0.04537553571361264
weather,revin_ols,dlinear_ols,linear,revin_current_no_floor,96,96,M,0.5738931798999866,0.466489742263951,0.5689352634936843,0.4699913205448044,0.4134418010145401,0.3665086968822096,0.4105600663528392,0.3693541812274784,0.8128511691761994,0.9913609072560049,0.8189526152353138,0.9925496958607779,0.8199346607544735,1.2196093760444728,1.2105229152618948,0.9986001902814593,1.0011991481569145,-0.2072072499364511,-0.008676626031093362,-0.19972905365837873,-0.0014007903674194814,0.0011984297530211313,0.0011984297530211313,1.2105229152618948,0.19105242762728541
weather,revin_ols,dlinear_ols,linear,revin_current_no_floor,96,192,M,0.8135634919385747,0.6210470809626031,0.7950940767821306,0.63354510928876,0.5106220360908225,0.4377523552424023,0.5026082480609766,0.4450174225954502,0.763366457709109,0.9772981268954992,0.77872853878821,0.9802728674834416,0.7810988650249756,1.2802476674550347,1.2549920520651343,0.9958376252461243,1.0030438414912264,-0.27001707766472477,-0.022963528250767418,-0.25009276779863177,-0.0041710615491830395,0.00303921838467447,0.00303921838467447,1.2549920520651343,0.22712923954786435
weather,revin_ols,dlinear_ols,linear,revin_current_no_floor,96,336,M,1.055237778449016,0.8105464841605284,1.0100610645972967,0.846040886392218,0.5982329396752418,0.5210320892365637,0.5840068146349557,0.5337201015536255,0.7681173861609336,0.9571881193278355,0.801753788265357,0.9580464693815819,0.8024727539455121,1.2461482275669886,1.1938679097466696,0.9948105942288913,1.0008967412323808,-0.2638127109505951,-0.04375533492649792,-0.22095371542426745,-0.00520291750274722,0.0008963394001702875,0.0008963394001702875,1.1938679097466696,0.1771983804977697
weather,revin_ols,dlinear_ols,linear,revin_current_no_floor,96,720,M,1.255182331081302,1.0984084866696833,1.1991169202838827,1.1519426719226886,0.6838956195834777,0.6210633199228546,0.6513729269638612,0.6527990506180118,0.8750987481822161,0.9553328553078655,0.9177492730720043,0.9535270404006717,0.9160145004122222,1.0916857752251552,1.0409519062979553,0.9989245260793324,0.9981097531638732,-0.1334185439267866,-0.04569545963783172,-0.08583104868177592,-0.0010760526577262837,-0.0018920356071788764,0.0018920356071788764,1.0409519062979553,0.0401355890439443
