model,dataset,seq_len,pred_len,NN,NR,RN,RR,best_case,worst_case
DLinear,ETTh1,96,96,0.40008309483528137,0.39987173676490784,0.38206246495246887,0.38065075874328613,RR,NN
DLinear,ETTh1,96,336,0.4828241765499115,0.48730137944221497,0.4799388349056244,0.48332399129867554,RN,NR
DLinear,ETTh1,336,96,0.37416955828666687,0.35209402441978455,0.36994823813438416,0.3512173891067505,RR,NN
DLinear,ETTh1,336,336,0.434763640165329,0.40873003005981445,0.47606852650642395,0.4481264054775238,NR,RN
DLinear,ETTh2,96,96,0.3157026171684265,0.3184625804424286,0.3477471172809601,0.34228163957595825,NN,RN
DLinear,ETTh2,96,336,0.554714024066925,0.5499181747436523,0.5649270415306091,0.5592554807662964,NR,RN
DLinear,ETTh2,336,96,0.286091685295105,0.2559303641319275,0.3078176975250244,0.275701105594635,NR,RN
DLinear,ETTh2,336,336,0.4631212055683136,0.4260081648826599,0.4975718855857849,0.4568769335746765,NR,RN
DLinear,ETTm1,96,96,0.34456783533096313,0.34684062004089355,0.3430735766887665,0.3452014923095703,RN,NR
DLinear,ETTm1,96,336,0.4225228726863861,0.4288645386695862,0.41592395305633545,0.42230984568595886,RN,NR
DLinear,ETTm1,336,96,0.3027873933315277,0.2984265983104706,0.29995477199554443,0.29566338658332825,RR,NN
DLinear,ETTm1,336,336,0.36894792318344116,0.3674629032611847,0.37303295731544495,0.37202897667884827,NR,RN
DLinear,ETTm2,96,96,0.1880241483449936,0.1885557770729065,0.18844673037528992,0.18897566199302673,NN,RR
DLinear,ETTm2,96,336,0.3364989161491394,0.3375958800315857,0.36193767189979553,0.3631354570388794,NN,RR
DLinear,ETTm2,336,96,0.16898198425769806,0.171001136302948,0.1712111085653305,0.17352314293384552,NN,RR
DLinear,ETTm2,336,336,0.3088371455669403,0.3104977309703827,0.29172176122665405,0.292824923992157,RN,NR
DLinear,electricity,96,96,0.19552311301231384,0.19253157079219818,0.19546769559383392,0.19250357151031494,RR,NN
DLinear,electricity,96,336,0.20791342854499817,0.2060059905052185,0.20764806866645813,0.20597904920578003,RR,NN
DLinear,electricity,336,96,0.14069248735904694,0.12962882220745087,0.14057038724422455,0.12957876920700073,RR,NN
DLinear,electricity,336,336,0.16984054446220398,0.16163089871406555,0.16963060200214386,0.16172046959400177,NR,NN
DLinear,exchange_rate,96,96,0.08156974613666534,0.10650944709777832,0.08438796550035477,0.11082347482442856,NN,RR
DLinear,exchange_rate,96,336,0.27928295731544495,0.4640868902206421,0.3513047993183136,0.6319664716720581,NN,RR
DLinear,exchange_rate,336,96,0.0997546911239624,0.11989898979663849,0.10734862089157104,0.12660200893878937,NN,RR
DLinear,exchange_rate,336,336,0.36497625708580017,0.7272779941558838,0.34220415353775024,0.7230477333068848,RN,NR
DLinear,illness,96,96,3.4688315391540527,0.7522214651107788,3.4218251705169678,0.7710159420967102,NR,NN
DLinear,illness,336,96,3.916935920715332,2.1467630863189697,5.434110641479492,3.850196361541748,NR,RN
DLinear,weather,96,96,0.19737105071544647,0.19684307277202606,0.2029055505990982,0.19150501489639282,RR,RN
DLinear,weather,96,336,0.2942708432674408,0.27823606133461,0.2806474268436432,0.2738189399242401,RR,NN
DLinear,weather,336,96,0.17500102519989014,0.17289459705352783,0.17304538190364838,0.1727963387966156,RR,NN
DLinear,weather,336,336,0.26749658584594727,0.2550147473812103,0.27404898405075073,0.2494676560163498,RR,RN
GRU,ETTh1,96,96,0.4432505965232849,0.6094034314155579,0.509505569934845,0.4230039715766907,RR,NR
GRU,ETTh1,96,336,0.7130923867225647,0.7245311141014099,0.7154309749603271,0.7175888419151306,NN,NR
GRU,ETTh1,336,96,0.47397828102111816,0.579643726348877,0.6522915959358215,0.45725393295288086,RR,RN
GRU,ETTh1,336,336,0.7138274908065796,0.6907813549041748,0.7071843147277832,0.6828442811965942,RR,NN
GRU,ETTh2,96,96,0.3592431843280792,0.35215994715690613,0.34300604462623596,0.3497997224330902,RN,NN
GRU,ETTh2,96,336,0.4614909589290619,0.4815264344215393,0.45887911319732666,0.47217729687690735,RN,NR
GRU,ETTh2,336,96,0.37112119793891907,0.3105473518371582,0.370779812335968,0.34039175510406494,NR,NN
GRU,ETTh2,336,336,0.42046475410461426,0.3805564343929291,0.3934308588504791,0.4001079499721527,NR,NN
GRU,ETTm1,96,96,0.38134267926216125,0.5389611721038818,0.5688241124153137,0.37668636441230774,RR,RN
GRU,ETTm1,96,336,0.4464535415172577,0.6451717019081116,0.6457016468048096,0.4542636275291443,NN,RN
GRU,ETTm1,336,96,0.3950065076351166,0.5636236667633057,0.5755872130393982,0.40173205733299255,NN,RN
GRU,ETTm1,336,336,0.4638032615184784,0.6143184900283813,0.6176576018333435,0.43903928995132446,RR,RN
GRU,ETTm2,96,96,0.19894269108772278,0.2170596867799759,0.21586938202381134,0.19160383939743042,RR,NR
GRU,ETTm2,96,336,0.32843759655952454,0.33873113989830017,0.3312671482563019,0.33056381344795227,NN,NR
GRU,ETTm2,336,96,0.24220284819602966,0.23513157665729523,0.22276344895362854,0.22738157212734222,RN,NN
GRU,ETTm2,336,336,0.3222545087337494,0.3388790190219879,0.326075941324234,0.33813491463661194,NN,NR
GRU,electricity,96,96,0.3053362965583801,0.8550247550010681,0.8669112324714661,0.27046847343444824,RR,RN
GRU,electricity,96,336,0.3985254764556885,0.8639839887619019,0.8630397319793701,0.8236969709396362,NN,NR
GRU,electricity,336,96,0.26127180457115173,0.9893072843551636,1.0078023672103882,0.2491573542356491,RR,RN
GRU,electricity,336,336,0.8175690174102783,0.8417587876319885,0.8612418174743652,0.8032966256141663,RR,RN
GRU,exchange_rate,96,96,0.10968121141195297,0.10914676636457443,0.10009797662496567,0.10975650697946548,RN,RR
GRU,exchange_rate,96,336,0.3974972069263458,0.31778186559677124,0.3392960727214813,0.3219267427921295,NR,NN
GRU,exchange_rate,336,96,0.19395747780799866,0.1807098388671875,0.1604161411523819,0.16497784852981567,RN,NN
GRU,exchange_rate,336,336,0.45817670226097107,0.5026340484619141,0.36335694789886475,0.4335835874080658,RN,NR
GRU,illness,96,96,4.221892356872559,3.168595552444458,5.065069675445557,2.1117184162139893,RR,RN
GRU,illness,336,96,4.841673374176025,1.344730257987976,5.673738479614258,0.7615788578987122,RR,RN
GRU,weather,96,96,0.1745471954345703,0.22099827229976654,0.22001026570796967,0.17331567406654358,RR,NR
GRU,weather,96,336,0.28264710307121277,0.30785229802131653,0.30985695123672485,0.27288153767585754,RR,RN
GRU,weather,336,96,0.17858771979808807,0.23426032066345215,0.22890275716781616,0.17246787250041962,RR,NR
GRU,weather,336,336,0.2678135335445404,0.2999340891838074,0.3024774193763733,0.2898833751678467,NN,RN
PatchTST,ETTh1,96,96,0.3792155385017395,0.36952781677246094,0.38830938935279846,0.36873865127563477,RR,RN
PatchTST,ETTh1,96,336,0.4655812382698059,0.4792364537715912,0.47342148423194885,0.45147451758384705,RR,NR
PatchTST,ETTh1,336,96,0.3824516236782074,0.36021387577056885,0.395170122385025,0.36916399002075195,NR,RN
PatchTST,ETTh1,336,336,0.4621369242668152,0.4529702067375183,0.44160932302474976,0.41556215286254883,RR,NN
PatchTST,ETTh2,96,96,0.2865363359451294,0.29437193274497986,0.30463066697120667,0.2977403998374939,NN,RN
PatchTST,ETTh2,96,336,0.42087695002555847,0.41822153329849243,0.41846373677253723,0.42538711428642273,NR,RR
PatchTST,ETTh2,336,96,0.3045511841773987,0.25709596276283264,0.2943008542060852,0.2653665840625763,NR,NN
PatchTST,ETTh2,336,336,0.4185565412044525,0.32129886746406555,0.417635440826416,0.3290689289569855,NR,NN
PatchTST,ETTm1,96,96,0.32619690895080566,0.3548080027103424,0.3616752326488495,0.3209938704967499,RR,RN
PatchTST,ETTm1,96,336,0.396433562040329,0.44170060753822327,0.4184879660606384,0.39999833703041077,NN,NR
PatchTST,ETTm1,336,96,0.29558151960372925,0.28642740845680237,0.30327683687210083,0.27854374051094055,RR,RN
PatchTST,ETTm1,336,336,0.3732704222202301,0.3540402352809906,0.38245609402656555,0.35259324312210083,RR,RN
PatchTST,ETTm2,96,96,0.17795579135417938,0.18354441225528717,0.18337659537792206,0.1848432421684265,NN,RR
PatchTST,ETTm2,96,336,0.31170162558555603,0.31373167037963867,0.30660316348075867,0.3056351840496063,RR,NR
PatchTST,ETTm2,336,96,0.1789667308330536,0.17889651656150818,0.17902728915214539,0.18420164287090302,NR,RR
PatchTST,ETTm2,336,336,0.30531182885169983,0.28706759214401245,0.2992832064628601,0.289379358291626,NR,NN
PatchTST,electricity,96,96,0.18963778018951416,0.1939794272184372,0.19481737911701202,0.18108826875686646,RR,RN
PatchTST,electricity,96,336,0.20975854992866516,0.2139279544353485,0.2141202688217163,0.20627805590629578,RR,RN
PatchTST,electricity,336,96,0.13793069124221802,0.12932561337947845,0.14006614685058594,0.1263912320137024,RR,RN
PatchTST,electricity,336,336,0.17201727628707886,0.16600416600704193,0.17436720430850983,0.16151238977909088,RR,RN
PatchTST,exchange_rate,96,96,0.0853920429944992,0.08434149622917175,0.08366426080465317,0.0849626436829567,RN,NN
PatchTST,exchange_rate,96,336,0.35012245178222656,0.30042874813079834,0.2990376353263855,0.343544065952301,RN,NN
PatchTST,exchange_rate,336,96,0.10868393629789352,0.11571646481752396,0.10083721578121185,0.11735507845878601,RN,RR
PatchTST,exchange_rate,336,336,0.317153662443161,0.3897562325000763,0.43898096680641174,0.38487473130226135,NN,RN
PatchTST,illness,96,96,2.1048831939697266,1.7791246175765991,3.0780246257781982,1.4227362871170044,RR,RN
PatchTST,illness,336,96,3.671217679977417,1.1145418882369995,3.7552859783172607,0.6150744557380676,RR,RN
PatchTST,weather,96,96,0.17494110763072968,0.1761154681444168,0.17638929188251495,0.17760008573532104,NN,RR
PatchTST,weather,96,336,0.277164489030838,0.276885062456131,0.27842870354652405,0.2794255316257477,NR,RR
PatchTST,weather,336,96,0.15112921595573425,0.151940256357193,0.15108047425746918,0.15337665379047394,RN,RR
PatchTST,weather,336,336,0.24946771562099457,0.24939322471618652,0.24867521226406097,0.25011950731277466,RN,RR
TimeFilter,ETTh1,96,96,0.4032827317714691,0.40302175283432007,0.4025246500968933,0.4006439745426178,RR,NN
TimeFilter,ETTh1,96,336,0.49430176615715027,0.5055320858955383,0.4889468848705292,0.49695903062820435,RN,NR
TimeFilter,ETTh1,336,96,0.3867223560810089,0.3701428472995758,0.38756951689720154,0.3678790032863617,RR,RN
TimeFilter,ETTh1,336,336,0.4378657937049866,0.4161912798881531,0.4350472092628479,0.4156242907047272,RR,NN
TimeFilter,ETTh2,96,96,0.30066978931427,0.3010845184326172,0.3035523593425751,0.3037618100643158,NN,RR
TimeFilter,ETTh2,96,336,0.429828017950058,0.4497932493686676,0.4262162446975708,0.4421011507511139,RN,NR
TimeFilter,ETTh2,336,96,0.2842293977737427,0.24651239812374115,0.2830241024494171,0.2547384798526764,NR,NN
TimeFilter,ETTh2,336,336,0.38595911860466003,0.3060525059700012,0.3697821795940399,0.3192639946937561,NR,NN
TimeFilter,ETTm1,96,96,0.334661602973938,0.3401712477207184,0.3401171863079071,0.3360893726348877,NN,NR
TimeFilter,ETTm1,96,336,0.40863344073295593,0.41610977053642273,0.40916091203689575,0.4109853208065033,NN,NR
TimeFilter,ETTm1,336,96,0.2966996729373932,0.29139089584350586,0.2946210503578186,0.28697988390922546,RR,NN
TimeFilter,ETTm1,336,336,0.3708702027797699,0.36850908398628235,0.3759276568889618,0.3661140501499176,RR,RN
TimeFilter,ETTm2,96,96,0.1727904975414276,0.1854325532913208,0.17617446184158325,0.18234780430793762,NN,NR
TimeFilter,ETTm2,96,336,0.2997467517852783,0.3105798661708832,0.3024846017360687,0.3050040006637573,NN,NR
TimeFilter,ETTm2,336,96,0.16861273348331451,0.1710987538099289,0.17375074326992035,0.1773364543914795,NN,RR
TimeFilter,ETTm2,336,336,0.2795788049697876,0.27905741333961487,0.28705480694770813,0.2861083745956421,NR,RN
TimeFilter,exchange_rate,96,96,0.08344017714262009,0.08696919679641724,0.08365411311388016,0.0884234830737114,NN,RR
TimeFilter,exchange_rate,96,336,0.35605868697166443,0.29956069588661194,0.30803099274635315,0.32765617966651917,NR,NN
TimeFilter,exchange_rate,336,96,0.08864886313676834,0.09111755341291428,0.08931408822536469,0.09580528736114502,NN,RR
TimeFilter,exchange_rate,336,336,0.36711227893829346,0.32733047008514404,0.3182463049888611,0.3656989336013794,RN,NN
TimeFilter,illness,96,96,2.7723891735076904,2.5620875358581543,4.010530471801758,1.3456095457077026,RR,RN
TimeFilter,illness,336,96,2.948430061340332,1.6713446378707886,5.756621360778809,0.6053669452667236,RR,RN
TimeFilter,weather,96,96,0.16583001613616943,0.16652975976467133,0.1666647493839264,0.16533569991588593,RR,RN
TimeFilter,weather,96,336,0.27049893140792847,0.2693527042865753,0.27146536111831665,0.26950371265411377,NR,RN
TimeFilter,weather,336,96,0.147502601146698,0.15076802670955658,0.14788813889026642,0.1491856724023819,NN,NR
TimeFilter,weather,336,336,0.24099969863891602,0.24240688979625702,0.25032636523246765,0.25038501620292664,NN,RR
TimeMixer,ETTh1,96,96,0.37776997685432434,0.372872531414032,0.38066548109054565,0.36989787220954895,RR,RN
TimeMixer,ETTh1,96,336,0.5004640221595764,0.5115031599998474,0.48401492834091187,0.4860379099845886,RN,NR
TimeMixer,ETTh1,336,96,0.3981485366821289,0.3824380338191986,0.3884471356868744,0.3617173731327057,RR,NN
TimeMixer,ETTh1,336,336,0.4641295075416565,0.4301283061504364,0.4488578736782074,0.42289820313453674,RR,NN
TimeMixer,ETTh2,96,96,0.2990766167640686,0.29376205801963806,0.3028884530067444,0.293734073638916,RR,RN
TimeMixer,ETTh2,96,336,0.42481744289398193,0.4376211166381836,0.41812628507614136,0.42660441994667053,RN,NR
TimeMixer,ETTh2,336,96,0.290111243724823,0.2579707205295563,0.29052427411079407,0.25308942794799805,RR,RN
TimeMixer,ETTh2,336,336,0.3865886926651001,0.36104297637939453,0.3890453279018402,0.3394683003425598,RR,RN
TimeMixer,ETTm1,96,96,0.3269138038158417,0.34708985686302185,0.34529897570610046,0.3274633288383484,NN,NR
TimeMixer,ETTm1,96,336,0.3942314088344574,0.41419243812561035,0.40921011567115784,0.39110028743743896,RR,NR
TimeMixer,ETTm1,336,96,0.2972772419452667,0.2914772629737854,0.3037448227405548,0.2908039391040802,RR,RN
TimeMixer,ETTm1,336,336,0.375050812959671,0.3592587113380432,0.3730195164680481,0.3574794828891754,RR,NN
TimeMixer,ETTm2,96,96,0.17794442176818848,0.18042334914207458,0.17485462129116058,0.17607378959655762,RN,NR
TimeMixer,ETTm2,96,336,0.3003210425376892,0.3118823766708374,0.3031507730484009,0.3011108338832855,NN,NR
TimeMixer,ETTm2,336,96,0.17944130301475525,0.17546452581882477,0.18542622029781342,0.18310628831386566,NR,RN
TimeMixer,ETTm2,336,336,0.2962425947189331,0.279182493686676,0.32600536942481995,0.3297901451587677,NR,RR
TimeMixer,electricity,96,96,0.16387124359607697,0.16560032963752747,0.16816288232803345,0.15350297093391418,RR,RN
TimeMixer,electricity,96,336,0.19535017013549805,0.1963319331407547,0.19476842880249023,0.1856171041727066,RR,NR
TimeMixer,electricity,336,96,0.1318194717168808,0.12232953310012817,0.1333499252796173,0.1200789287686348,RR,RN
TimeMixer,electricity,336,336,0.16943874955177307,0.16224193572998047,0.17111192643642426,0.16246190667152405,NR,RN
TimeMixer,exchange_rate,96,96,0.09478336572647095,0.08564399927854538,0.08644555509090424,0.09617198258638382,NR,RR
TimeMixer,exchange_rate,96,336,0.34412556886672974,0.30878952145576477,0.3568577766418457,0.3522889316082001,NR,RN
TimeMixer,exchange_rate,336,96,0.10039090365171432,0.09857794642448425,0.0934564396739006,0.1029544323682785,RN,RR
TimeMixer,exchange_rate,336,336,0.531354546546936,0.38034310936927795,0.45785871148109436,0.4284190833568573,NR,NN
TimeMixer,illness,96,96,2.131145477294922,2.7876529693603516,3.4876091480255127,1.6016347408294678,RR,RN
TimeMixer,illness,336,96,2.9997689723968506,1.2181886434555054,3.638633966445923,0.7035658955574036,RR,RN
TimeMixer,weather,96,96,0.16466087102890015,0.16469325125217438,0.16488492488861084,0.1658198982477188,NN,RR
TimeMixer,weather,96,336,0.2621930241584778,0.26068124175071716,0.27039915323257446,0.26582154631614685,NR,RN
TimeMixer,weather,336,96,0.2510470151901245,2.5845534801483154,411.94671630859375,14776.501953125,NN,RR
TimeMixer,weather,336,336,0.24251747131347656,266785968.0,0.24400067329406738,3255.680908203125,NN,NR
TimesNet,ETTh1,96,96,0.4006969928741455,0.5256105661392212,0.5074511766433716,0.4049988389015198,NN,NR
TimesNet,ETTh1,96,336,0.5031553506851196,0.6820166707038879,0.5998953580856323,0.4877292811870575,RR,NR
TimesNet,ETTh1,336,96,0.4313322603702545,0.5040715932846069,0.5002764463424683,0.3890308141708374,RR,NR
TimesNet,ETTh1,336,336,0.4715431332588196,0.6575246453285217,0.6213980317115784,0.41709065437316895,RR,NR
TimesNet,ETTh2,96,96,0.3411911427974701,0.34967800974845886,0.34702596068382263,0.3525538444519043,NN,RR
TimesNet,ETTh2,96,336,0.48200514912605286,0.518683135509491,0.46382394433021545,0.4806327521800995,RN,NR
TimesNet,ETTh2,336,96,0.3999362587928772,0.3390440046787262,0.40011540055274963,0.33039921522140503,RR,RN
TimesNet,ETTh2,336,336,0.41893234848976135,0.44092509150505066,0.44941842555999756,0.3787843883037567,RR,RN
TimesNet,ETTm1,96,96,0.3426649868488312,0.48258042335510254,0.49229899048805237,0.3458508253097534,NN,RN
TimesNet,ETTm1,96,336,0.4122021198272705,0.5465686321258545,0.5572350025177002,0.415114164352417,NN,RN
TimesNet,ETTm1,336,96,0.3246505558490753,0.37718984484672546,0.3786790668964386,0.3183191120624542,RR,RN
TimesNet,ETTm1,336,336,0.3849559724330902,0.47099223732948303,0.4382285177707672,0.3698529005050659,RR,NR
TimesNet,ETTm2,96,96,0.18777985870838165,0.22629404067993164,0.2039017230272293,0.18971997499465942,NN,NR
TimesNet,ETTm2,96,336,0.31377774477005005,0.339631050825119,0.3311091363430023,0.31163275241851807,RR,NR
TimesNet,ETTm2,336,96,0.18763628602027893,0.20397379994392395,0.20734703540802002,0.189410999417305,NN,RN
TimesNet,ETTm2,336,336,0.3027358949184418,0.2961692214012146,0.3264922499656677,0.31549516320228577,NR,RN
TimesNet,electricity,96,96,0.34467121958732605,0.508638858795166,0.5158878564834595,0.3416370749473572,RR,RN
TimesNet,electricity,96,336,0.3691445589065552,0.5429128408432007,0.5479416847229004,0.3641027808189392,RR,RN
TimesNet,electricity,336,96,0.3628818988800049,0.4631883502006531,0.49323412775993347,0.34032416343688965,RR,RN
TimesNet,electricity,336,336,0.3794558048248291,0.5288791656494141,0.5093902349472046,0.36978229880332947,RR,NR
TimesNet,exchange_rate,96,96,0.11029133945703506,0.1110173836350441,0.10216065496206284,0.10405760258436203,RN,NR
TimesNet,exchange_rate,96,336,0.35550448298454285,0.32670682668685913,0.33819085359573364,0.32818329334259033,NR,NN
TimesNet,exchange_rate,336,96,0.20363865792751312,0.19315800070762634,0.18796607851982117,0.19417932629585266,RN,NN
TimesNet,exchange_rate,336,336,0.4548678398132324,0.5063042044639587,0.42842504382133484,0.4185123145580292,RR,NR
TimesNet,illness,96,96,4.611230850219727,3.199627161026001,4.906147003173828,2.900811195373535,RR,RN
TimesNet,illness,336,96,5.12293004989624,1.4131662845611572,5.7678303718566895,1.2792553901672363,RR,RN
TimesNet,weather,96,96,0.17897264659404755,0.21058715879917145,0.20757471024990082,0.1766279935836792,RR,NR
TimesNet,weather,96,336,0.2853489816188812,0.3127284646034241,0.3088705539703369,0.28166013956069946,RR,NR
TimesNet,weather,336,96,0.17261114716529846,0.21820665895938873,0.21070332825183868,0.16417266428470612,RR,NR
TimesNet,weather,336,336,0.2778095602989197,0.30427396297454834,0.3201901316642761,0.2750665247440338,RR,RN
iTransformer,ETTh1,96,96,0.40191346406936646,0.3994019031524658,0.4021506905555725,0.396630197763443,RR,RN
iTransformer,ETTh1,96,336,0.4983285963535309,0.49736401438713074,0.49157631397247314,0.4941500127315521,RN,NN
iTransformer,ETTh1,336,96,0.4014684557914734,0.3822101950645447,0.398531436920166,0.3777317702770233,RR,NN
iTransformer,ETTh1,336,336,0.46273279190063477,0.42617565393447876,0.4541579782962799,0.43714386224746704,NR,NN
iTransformer,ETTh2,96,96,0.29895472526550293,0.2944906949996948,0.3001326024532318,0.30278652906417847,NR,RR
iTransformer,ETTh2,96,336,0.4238449037075043,0.43296605348587036,0.42820438742637634,0.4316893219947815,NN,NR
iTransformer,ETTh2,336,96,0.3045614957809448,0.26315125823020935,0.30286672711372375,0.26543232798576355,NR,NN
iTransformer,ETTh2,336,336,0.4016316533088684,0.3222168982028961,0.3999093770980835,0.3298133313655853,NR,NN
iTransformer,ETTm1,96,96,0.347892165184021,0.36652469635009766,0.3800284266471863,0.344156414270401,RR,RN
iTransformer,ETTm1,96,336,0.4212447702884674,0.44963234663009644,0.44622915983200073,0.42078909277915955,RR,NR
iTransformer,ETTm1,336,96,0.3016139268875122,0.3024347126483917,0.31031376123428345,0.29527556896209717,RR,RN
iTransformer,ETTm1,336,336,0.37930646538734436,0.3777536153793335,0.3935808539390564,0.37743455171585083,RR,RN
iTransformer,ETTm2,96,96,0.1869664341211319,0.19369441270828247,0.18860289454460144,0.1883576512336731,NN,NR
iTransformer,ETTm2,96,336,0.3135724365711212,0.317707359790802,0.3126460313796997,0.3137957453727722,RN,NR
iTransformer,ETTm2,336,96,0.17352892458438873,0.1793467253446579,0.17547009885311127,0.1738891750574112,NN,NR
iTransformer,ETTm2,336,336,0.28604593873023987,0.28576669096946716,0.28467121720314026,0.2793276607990265,RR,NN
iTransformer,electricity,96,96,0.21001192927360535,0.20977245271205902,0.2137235701084137,0.2069961577653885,RR,RN
iTransformer,electricity,96,336,0.2399751991033554,0.24223382771015167,0.24295301735401154,0.23989462852478027,RR,RN
iTransformer,electricity,336,96,0.16365642845630646,0.15386974811553955,0.1654956340789795,0.1522943675518036,RR,RN
iTransformer,electricity,336,336,0.21067996323108673,0.20433679223060608,0.21274712681770325,0.2033022791147232,RR,RN
iTransformer,exchange_rate,96,96,0.08745570480823517,0.08695457130670547,0.08876633644104004,0.08704908192157745,NR,RN
iTransformer,exchange_rate,96,336,0.3328513205051422,0.30984267592430115,0.3159504532814026,0.32687440514564514,NR,NN
iTransformer,exchange_rate,336,96,0.10339677333831787,0.1012098416686058,0.11006806045770645,0.10449172556400299,NR,RN
iTransformer,exchange_rate,336,336,0.36903655529022217,0.35395896434783936,0.3762320280075073,0.3573596775531769,NR,RN
iTransformer,illness,96,96,3.660853385925293,2.653823137283325,3.88618803024292,2.408642530441284,RR,RN
iTransformer,illness,336,96,4.565611362457275,1.207853078842163,4.736973285675049,1.1309809684753418,RR,RN
iTransformer,weather,96,96,0.1877196878194809,0.18933984637260437,0.19105370342731476,0.19185376167297363,NN,RR
iTransformer,weather,96,336,0.2898588478565216,0.2897258400917053,0.29117125272750854,0.2913586497306824,NR,RR
iTransformer,weather,336,96,0.15975525975227356,0.16480395197868347,0.16182368993759155,0.16672909259796143,NN,RR
iTransformer,weather,336,336,0.2531251907348633,0.2572839558124542,0.25710293650627136,0.2605959177017212,NN,RR
