model,case,seasonal_pattern,frequency,horizon,series_count,lr_tag,target_mode,mse,mae,smape,mase,owa_naive2,owa_context,naive2_smape,naive2_mase,context_naive_smape,context_naive_mase
DLinear,NN,Yearly,1,6,23000,0p005,corrected_target_order,3463580.870950673,878.7849297198841,14.745499018730477,3.438590993058285,0.8837454410150898,0.8837454410131177,16.342173488084814,3.974360265173671,16.342173488117087,3.974360265183603
DLinear,NN,Quarterly,4,8,24000,0p005,corrected_target_order,1960207.95607873,594.3221934444701,10.58615864036102,1.2616854418987413,0.9406884547729051,0.8164474856279424,11.011569928824954,1.371382270977276,12.52136683379731,1.602247176187081
DLinear,NN,Monthly,12,18,48000,0p005,corrected_target_order,1940454.4113012436,579.2086780453752,13.370129287376301,1.0076402206839856,0.9371776580190916,0.8180698219774416,14.42682875988102,1.0633594479711004,15.98828156281687,1.2597170382819949
DLinear,NN,Weekly,1,13,359,0p005,corrected_target_order,819427.2056099834,500.77911462884083,12.267998361158922,5.50324415626491,1.6603126416749219,1.6603126416749219,9.161286913981998,2.777294993197484,9.161286913981998,2.777294993197484
DLinear,NN,Daily,1,14,4227,0p005,corrected_target_order,536877.8935292662,238.63375507065726,4.041355204849045,4.448648390534785,1.342023814927816,1.3420238149288461,3.0452517800791794,3.2784242959595575,3.0452517800636603,3.27842429597092
DLinear,NN,Hourly,24,48,414,0p005,corrected_target_order,4920246.463519274,442.14548544696055,19.165461133315013,3.7515135132531654,1.3044695429366278,2.2608223114257573,18.38287811786554,2.3950400069486575,13.912272896330165,1.1932102074200355
DLinear,NR,Yearly,1,6,23000,0p005,corrected_target_order,4060982.5273468317,1045.314003111116,17.256681498441107,4.305516281073702,1.069641549207724,1.0696415492053277,16.342173488084814,3.974360265173671,16.342173488117087,3.974360265183603
DLinear,NR,Quarterly,4,8,24000,0p005,corrected_target_order,2172633.514425694,655.3627511821924,11.652706731333804,1.4635825009466714,0.9649951263872805,0.8467910452348634,11.96423231426962,1.5308986751077838,13.50497592468908,1.7617887436505335
DLinear,NR,Monthly,12,18,48000,0p005,corrected_target_order,2145460.218481566,630.2576427112716,14.507930411357375,1.167475128584839,0.9264409464816344,0.8021446424810443,15.550790003469528,1.2690727646806907,17.662953110153197,1.4911939068277227
DLinear,NR,Weekly,1,13,359,0p005,corrected_target_order,814963.3870793065,499.5963303965717,12.262449166432125,5.488457123505486,1.6573476520012669,1.6573476520012669,9.161286913982,2.777294993197484,9.161286913982,2.777294993197484
DLinear,NR,Daily,1,14,4227,0p005,corrected_target_order,534123.9486908494,240.57573412093572,4.075128114558537,4.4892796872300815,1.3537657623377346,1.3537657623387713,3.0452517800791794,3.2784242959595575,3.0452517800636603,3.27842429597092
DLinear,NR,Hourly,24,48,414,0p005,corrected_target_order,145628260.49669874,1902.0304621525365,37.92971527636495,14.553121713587752,0.8926046410691629,0.9247960037522913,42.743468896500396,16.209237115149428,41.95339841711752,15.391978324543457
DLinear,RN,Yearly,1,6,23000,0p005,corrected_target_order,43999393.17464274,4694.474734376877,113.4633739003632,22.35996985150703,6.284517252212312,1.0798086394764694,16.342173488084814,3.974360265173671,104.49287210063716,20.823811813717906
DLinear,RN,Quarterly,4,8,24000,0p005,corrected_target_order,31230118.12690954,3742.892864665936,83.99696307246595,11.54384576931247,8.022867995856137,1.0529143834620713,11.011569928824954,1.371382270977276,79.51623197600479,10.999598035603645
DLinear,RN,Monthly,12,18,48000,0p005,corrected_target_order,19134156.77262387,2748.3503976465586,63.34029490707361,7.419656712190838,5.684006962646306,1.028053716165151,14.42682875988102,1.0633594479711004,61.761637434184024,7.1997270372477145
DLinear,RN,Weekly,1,13,359,0p005,corrected_target_order,40377785.693192996,3811.0580899586034,80.82159716389491,77.1416327461043,18.29894716123447,0.9761791592120386,9.161286913981998,2.777294993197484,84.04982421357094,77.86053376970602
DLinear,RN,Daily,1,14,4227,0p005,corrected_target_order,30951320.324762616,3256.7906940741086,52.73163392373755,56.692381560182184,17.304293872383113,0.9776982223402793,3.0452517800791794,3.2784242959595575,54.108774197020836,57.79936807521924
DLinear,RN,Hourly,24,48,414,0p005,corrected_target_order,121774304.56346403,1680.4410379845342,41.741843996426546,18.086478542802194,4.911165433207951,0.9293458527069658,18.38287811786554,2.3950400069486575,46.209194265980074,18.93141883042938
DLinear,RR,Yearly,1,6,23000,0p005,corrected_target_order,43803044.57967125,4692.74222254691,113.6803803076619,22.36316033430986,6.2915580951858185,1.0809236250717476,16.342173488084814,3.974360265173671,104.49287210063716,20.823811813717906
DLinear,RR,Quarterly,4,8,24000,0p005,corrected_target_order,31205084.85294232,3742.2669106598987,84.0018206323614,11.541248989735527,7.27997546135947,1.0527769313507975,11.96423231426962,1.5308986751077838,79.51958255994295,11.000178859604093
DLinear,RR,Monthly,12,18,48000,0p005,corrected_target_order,19084751.988089804,2744.845168009327,63.28744115107172,7.407167914951894,4.953201112702585,1.0293115898668113,15.550790003469528,1.2690727646806907,61.642684180483265,7.177898179217246
DLinear,RR,Weekly,1,13,359,0p005,corrected_target_order,40368824.72044307,3809.042122088879,80.78188114926273,77.14351483519722,18.297118395964908,0.9759549807866575,9.161286913982,2.777294993197484,84.04982421357096,77.86053376970602
DLinear,RR,Daily,1,14,4227,0p005,corrected_target_order,30951128.42572678,3256.4948209671143,52.724831474503816,56.68975106449025,17.302775795072957,0.9776126079166503,3.0452517800791794,3.2784242959595575,54.108774197020836,57.79936807521924
DLinear,RR,Hourly,24,48,414,0p005,corrected_target_order,87286845.35924044,1420.3472080211181,34.9170890279301,14.123009188354823,0.8440963495578716,0.987032492151042,42.743468896500396,16.209237115149428,36.839002452974555,13.761956020447949
GRU,NN,Yearly,1,6,23000,0p001,corrected_target_order,3591120.8661647835,851.7534346778424,13.718836340578596,3.0946706855429857,0.8090666131531528,0.8090666131513509,16.342173488084814,3.974360265173671,16.342173488117087,3.974360265183603
GRU,NN,Quarterly,4,8,24000,0p001,corrected_target_order,2177928.7567408704,613.5073905922187,10.879916929285733,1.3035886812798387,0.9693048130318542,0.8412541627707668,11.011569928824954,1.371382270977276,12.52136683379731,1.602247176187081
GRU,NN,Monthly,12,18,48000,0p001,corrected_target_order,2002629.4465134775,594.5921963744394,13.825965997003713,1.0850214427047633,0.9893611486960958,0.8630388913995355,14.42682875988102,1.0633594479711004,15.98828156281687,1.2597170382819949
GRU,NN,Weekly,1,13,359,0p001,corrected_target_order,735475.873442677,471.32906601345616,11.777950042897306,4.778428396692854,1.5030775207686797,1.5030775207686797,9.161286913981998,2.777294993197484,9.161286913981998,2.777294993197484
GRU,NN,Daily,1,14,4227,0p001,corrected_target_order,452549.22958890157,192.43520415775862,3.238607029348823,3.5001564486337036,1.0655638839524515,1.065563883953311,3.0452517800791794,3.2784242959595575,3.0452517800636603,3.27842429597092
GRU,NN,Hourly,24,48,414,0p001,corrected_target_order,44853727.75739706,1143.8253513302889,33.544772269394116,10.576467834091716,3.12038571898454,5.637520240498533,18.38287811786554,2.3950400069486575,13.912272896330165,1.1932102074200355
GRU,NR,Yearly,1,6,23000,0p001,corrected_target_order,3925289.5882743243,973.5791304294853,15.601098841607577,3.732430511029906,0.9468899991806304,0.9468899991785144,16.342173488084814,3.974360265173671,16.342173488117087,3.974360265183603
GRU,NR,Quarterly,4,8,24000,0p001,corrected_target_order,2098587.934303298,631.8144274576148,11.224153539538891,1.3979135203453974,0.9256375074584786,0.8122875339746398,11.96423231426962,1.5308986751077838,13.50497592468908,1.7617887436505335
GRU,NR,Monthly,12,18,48000,0p001,corrected_target_order,2044669.86302852,608.0701437222948,14.075818997678798,1.1251882022669566,0.8958868344839617,0.7757336204781866,15.550790003469528,1.2690727646806907,17.662953110153197,1.4911939068277227
GRU,NR,Weekly,1,13,359,0p001,corrected_target_order,735606.6659739845,473.3733712926506,11.864864603658486,4.79123865174266,1.5101273456534685,1.5101273456534685,9.161286913982,2.777294993197484,9.161286913982,2.777294993197484
GRU,NR,Daily,1,14,4227,0p001,corrected_target_order,440537.7774266796,191.8799934426576,3.2249823334953898,3.4919523607973377,1.0620756204162323,1.062075620417085,3.0452517800791794,3.2784242959595575,3.0452517800636603,3.27842429597092
GRU,NR,Hourly,24,48,414,0p001,corrected_target_order,44508567.95926918,1138.5613767611462,33.509110000550834,10.559737257740789,0.7177113862656482,0.7423883829576896,42.743468896500396,16.209237115149428,41.95339841711752,15.391978324543457
GRU,RN,Yearly,1,6,23000,0p001,corrected_target_order,42450594.0884523,4529.735424830892,107.764993248378,21.109026016984064,5.952794636199421,1.0225054207776911,16.342173488084814,3.974360265173671,104.49287210063716,20.823811813717906
GRU,RN,Quarterly,4,8,24000,0p001,corrected_target_order,30595449.027356338,3676.4440005666565,82.2710825555926,11.202163825491011,7.819925560664007,1.0265304398051454,11.011569928824954,1.371382270977276,79.51623197600479,10.999598035603645
GRU,RN,Monthly,12,18,48000,0p001,corrected_target_order,18429725.803284794,2679.545134301236,62.471942465065624,7.317414538532863,5.605836830017735,1.0139234270191726,14.42682875988102,1.0633594479711004,61.761637434184024,7.1997270372477145
GRU,RN,Weekly,1,13,359,0p001,corrected_target_order,40362214.1022364,3808.008380181444,80.82968233901158,77.13619256541445,18.29840902701212,0.9761923213069132,9.161286913981998,2.777294993197484,84.04982421357094,77.86053376970602
GRU,RN,Daily,1,14,4227,0p001,corrected_target_order,32434121.679165795,3286.460549216034,52.98769465477114,56.88450812905191,17.375638156245962,0.9817264014895781,3.0452517800791794,3.2784242959595575,54.108774197020836,57.79936807521924
GRU,RN,Hourly,24,48,414,0p001,corrected_target_order,91035656.13848089,1460.4413709902376,39.86684041747809,16.259146836304737,4.478684291286163,0.8607957642983695,18.38287811786554,2.3950400069486575,46.209194265980074,18.93141883042938
GRU,RR,Yearly,1,6,23000,0p001,corrected_target_order,42335887.26089401,4529.713445393309,107.91702764539356,21.109394814817144,5.957492629923384,1.023241762900661,16.342173488084814,3.974360265173671,104.49287210063716,20.823811813717906
GRU,RR,Quarterly,4,8,24000,0p001,corrected_target_order,30582903.015123047,3676.2275064223854,82.27879901751298,11.201476738581544,7.096996764390074,1.026499043938355,11.96423231426962,1.5308986751077838,79.51958255994295,11.000178859604093
GRU,RR,Monthly,12,18,48000,0p001,corrected_target_order,18432778.302557983,2679.258175945373,62.458932457149416,7.316817647168592,4.890965353989512,1.0162976945343276,15.550790003469528,1.2690727646806907,61.642684180483265,7.177898179217246
GRU,RR,Weekly,1,13,359,0p001,corrected_target_order,40362601.30566067,3806.3851363790013,80.79125526976591,77.14499143470626,18.297895846001197,0.9760202283822352,9.161286913982,2.777294993197484,84.04982421357096,77.86053376970602
GRU,RR,Daily,1,14,4227,0p001,corrected_target_order,32433349.71462363,3285.8423505608375,52.96779736471409,56.87802684880615,17.371382744572866,0.9814864706349516,3.0452517800791794,3.2784242959595575,54.108774197020836,57.79936807521924
GRU,RR,Hourly,24,48,414,0p001,corrected_target_order,90633443.55936077,1457.6254853083735,39.83422818384235,16.249601537088225,0.9672136992507573,1.1310341636894825,42.743468896500396,16.209237115149428,36.839002452974555,13.761956020447949
PatchTST,NN,Yearly,1,6,23000,0p0001,corrected_target_order,7740925.767476678,1550.4444253226627,26.81073568846639,6.3309939918068245,1.6167724670526533,1.616772467049043,16.342173488084814,3.974360265173671,16.342173488117087,3.974360265183603
PatchTST,NN,Quarterly,4,8,24000,0p0001,corrected_target_order,1945875.9309211455,578.8400127750817,10.334431706081089,1.2205429250000976,0.914257961344485,0.7935565860903533,11.011569928824954,1.371382270977276,12.52136683379731,1.602247176187081
PatchTST,NN,Monthly,12,18,48000,0p0001,corrected_target_order,1849350.903034254,561.7632229428035,13.08671342851684,0.9747942563944915,0.9119106985289245,0.79616954435478,14.42682875988102,1.0633594479711004,15.98828156281687,1.2597170382819949
PatchTST,NN,Weekly,1,13,359,0p0001,corrected_target_order,690483.973908413,446.7005758193272,11.780612928303848,3.8503757666209997,1.3361443422897747,1.3361443422897747,9.161286913981998,2.777294993197484,9.161286913981998,2.777294993197484
PatchTST,NN,Daily,1,14,4227,0p0001,corrected_target_order,536694.2166231734,190.87116519663667,3.1820338448352223,3.436580652774399,1.0465790404655233,1.0465790404663693,3.0452517800791794,3.2784242959595575,3.0452517800636603,3.27842429597092
PatchTST,NN,Hourly,24,48,414,0p0001,corrected_target_order,15965931.257121917,668.8030099168891,24.424330918260598,5.521256775368196,1.8169667772377909,3.191412468028603,18.38287811786554,2.3950400069486575,13.912272896330165,1.1932102074200355
PatchTST,NR,Yearly,1,6,23000,0p0001,corrected_target_order,7836083.084744768,1552.829126571077,26.888401632645287,6.34574946819248,1.6210050433758048,1.621005043372185,16.342173488084814,3.974360265173671,16.342173488117087,3.974360265183603
PatchTST,NR,Quarterly,4,8,24000,0p0001,corrected_target_order,2169589.7127457964,648.3089429242317,11.465936504889639,1.431876349957168,0.9468343638495034,0.8308778941530264,11.96423231426962,1.5308986751077838,13.50497592468908,1.7617887436505335
PatchTST,NR,Monthly,12,18,48000,0p0001,corrected_target_order,2072964.9146555546,620.8640341080337,14.32592243090863,1.156844357086929,0.9164004960629182,0.7934278734021377,15.550790003469528,1.2690727646806907,17.662953110153197,1.4911939068277227
PatchTST,NR,Weekly,1,13,359,0p0001,corrected_target_order,678192.0484472197,450.26068795688883,11.91525632020872,3.8749313613687577,1.347913615400806,1.347913615400806,9.161286913982,2.777294993197484,9.161286913982,2.777294993197484
PatchTST,NR,Daily,1,14,4227,0p0001,corrected_target_order,537908.4854107761,191.61699441384786,3.2007249439706715,3.4543670923663274,1.0523605833586922,1.0523605833595444,3.0452517800791794,3.2784242959595575,3.0452517800636603,3.27842429597092
PatchTST,NR,Hourly,24,48,414,0p0001,corrected_target_order,62238812.73369042,1255.1325539352938,36.80285141156021,11.854163479110392,0.7961692234641016,0.8236918738527468,42.743468896500396,16.209237115149428,41.95339841711752,15.391978324543457
PatchTST,RN,Yearly,1,6,23000,0p0001,corrected_target_order,61079492.50456525,5008.910989507216,110.09256703848635,22.7602239578512,6.231739638181567,1.0732897676658357,16.342173488084814,3.974360265173671,104.49287210063716,20.823811813717906
PatchTST,RN,Quarterly,4,8,24000,0p0001,corrected_target_order,30659536.784915537,3681.689833910364,82.55775686327746,11.226589240772611,7.8418479195978,1.0294433415434878,11.011569928824954,1.371382270977276,79.51623197600479,10.999598035603645
PatchTST,RN,Monthly,12,18,48000,0p0001,corrected_target_order,18331715.240421195,2670.9366767442843,62.119412927168554,7.276347914627818,5.574309133747805,1.008217517686732,14.42682875988102,1.0633594479711004,61.761637434184024,7.1997270372477145
PatchTST,RN,Weekly,1,13,359,0p0001,corrected_target_order,40434997.13093356,3814.914502738119,80.9789770018856,77.19827757426175,18.31773439847484,0.9774791469248192,9.161286913981998,2.777294993197484,84.04982421357094,77.86053376970602
PatchTST,RN,Daily,1,14,4227,0p0001,corrected_target_order,41915714.447557926,3354.42206094934,53.76956677020577,57.396737471217456,17.582135037633073,0.9933825026408756,3.0452517800791794,3.2784242959595575,54.108774197020836,57.79936807521924
PatchTST,RN,Hourly,24,48,414,0p0001,corrected_target_order,112395228.16813591,1626.2180629204665,43.40932830644241,16.633409168738204,4.653170002571122,0.9090114374401046,18.38287811786554,2.3950400069486575,46.209194265980074,18.93141883042938
PatchTST,RR,Yearly,1,6,23000,0p0001,corrected_target_order,61046205.33253319,5010.238810404935,110.21574424582691,22.767110967795485,6.236374759276811,1.0740445363126796,16.342173488084814,3.974360265173671,104.49287210063716,20.823811813717906
PatchTST,RR,Quarterly,4,8,24000,0p0001,corrected_target_order,30652841.449238356,3681.4765515111194,82.55861523393287,11.22533984407808,7.116484451249125,1.0293431299506317,11.96423231426962,1.5308986751077838,79.51958255994295,11.000178859604093
PatchTST,RR,Monthly,12,18,48000,0p0001,corrected_target_order,18285254.5909719,2666.5654422776324,62.02524844008231,7.263914494454998,4.856178008048968,1.0090948272566245,15.550790003469528,1.2690727646806907,61.642684180483265,7.177898179217246
PatchTST,RR,Weekly,1,13,359,0p0001,corrected_target_order,40458496.50687498,3820.256029258367,81.0952413964004,77.21239883961054,18.326622086349033,0.9782614697249036,9.161286913982,2.777294993197484,84.04982421357096,77.86053376970602
PatchTST,RR,Daily,1,14,4227,0p0001,corrected_target_order,41914833.835438095,3354.417351609174,53.76232669833491,57.39642054473672,17.5808979547869,0.9933128580949017,3.0452517800791794,3.2784242959595575,54.108774197020836,57.79936807521924
PatchTST,RR,Hourly,24,48,414,0p0001,corrected_target_order,86300638.91525818,1439.103535740646,38.197008458725094,14.659680927132088,0.8990183452007923,1.0510478151563611,42.743468896500396,16.209237115149428,36.839002452974555,13.761956020447949
TimeFilter,NN,Yearly,1,6,23000,0p0001,corrected_target_order,3599830.6850128393,898.2929969140611,14.72356625876725,3.3003751108562778,0.8656859491408173,0.8656859491388901,16.342173488084814,3.974360265173671,16.342173488117087,3.974360265183603
TimeFilter,NN,Quarterly,4,8,24000,0p0001,corrected_target_order,2227667.2773709437,656.6368728462464,11.655411174403833,1.4479640976980537,1.0571561620038568,0.9172750394173673,11.011569928824954,1.371382270977276,12.52136683379731,1.602247176187081
TimeFilter,NN,Monthly,12,18,48000,0p0001,corrected_target_order,1942627.700695748,586.7052451894427,13.572533426038348,1.047291938224754,0.9628370604235429,0.840137930196966,14.42682875988102,1.0633594479711004,15.98828156281687,1.2597170382819949
TimeFilter,NN,Weekly,1,13,359,0p0001,corrected_target_order,877094.3485883928,521.3222245429183,13.090116446647542,5.213751344605796,1.6530640149384017,1.6530640149384017,9.161286913981998,2.777294993197484,9.161286913981998,2.777294993197484
TimeFilter,NN,Daily,1,14,4227,0p0001,corrected_target_order,605779.3062041911,236.24174003952245,4.0008861396412945,4.363846424758209,1.322445855570995,1.3224458555720362,3.0452517800791794,3.2784242959595575,3.0452517800636603,3.27842429597092
TimeFilter,NN,Hourly,24,48,414,0p0001,corrected_target_order,61799855.24979185,1223.2437479986997,34.18708741553648,10.356987539528701,3.092036436439198,5.568634212989422,18.38287811786554,2.3950400069486575,13.912272896330165,1.1932102074200355
TimeFilter,NR,Yearly,1,6,23000,0p0001,corrected_target_order,3960065.026027811,984.0416667115945,16.048932628289535,3.712973385310399,0.9581439497121633,0.9581439497100263,16.342173488084814,3.974360265173671,16.342173488117087,3.974360265183603
TimeFilter,NR,Quarterly,4,8,24000,0p0001,corrected_target_order,2350379.010758054,685.1586176261,12.134204173875636,1.526345008388273,1.0056160804874705,0.8824298679090541,11.96423231426962,1.5308986751077838,13.50497592468908,1.7617887436505335
TimeFilter,NR,Monthly,12,18,48000,0p0001,corrected_target_order,2112701.700452442,627.8203121036163,14.508233235983713,1.1739494154500334,0.9290014773014595,0.8043240548260517,15.550790003469528,1.2690727646806907,17.662953110153197,1.4911939068277227
TimeFilter,NR,Weekly,1,13,359,0p0001,corrected_target_order,875775.8745354483,515.9006043367903,13.12328178167969,5.21135572902146,1.6544428097530912,1.6544428097530912,9.161286913982,2.777294993197484,9.161286913982,2.777294993197484
TimeFilter,NR,Daily,1,14,4227,0p0001,corrected_target_order,564571.8896300063,232.9497433041653,3.9693319762177657,4.333807325788496,1.312683644535137,1.3126836445361674,3.0452517800791794,3.2784242959595575,3.0452517800636603,3.27842429597092
TimeFilter,NR,Hourly,24,48,414,0p0001,corrected_target_order,71040375.27091561,1318.0288795962238,36.319597375527415,11.426010445921792,0.7773091966277972,0.8040241420076291,42.743468896500396,16.209237115149428,41.95339841711752,15.391978324543457
TimeFilter,RN,Yearly,1,6,23000,0p0001,corrected_target_order,42422198.716436766,4520.128598597336,107.95973539297418,21.015883495886147,5.947034979336188,1.021200822300222,16.342173488084814,3.974360265173671,104.49287210063716,20.823811813717906
TimeFilter,RN,Quarterly,4,8,24000,0p0001,corrected_target_order,30686832.698757544,3686.01362564887,82.8546579939722,11.222622715772806,7.853883067991551,1.031129959892487,11.011569928824954,1.371382270977276,79.51623197600479,10.999598035603645
TimeFilter,RN,Monthly,12,18,48000,0p0001,corrected_target_order,18711474.951372582,2719.526294190626,62.89361096203182,7.294029984803105,5.60945526811809,1.015713114579394,14.42682875988102,1.0633594479711004,61.761637434184024,7.1997270372477145
TimeFilter,RN,Weekly,1,13,359,0p0001,corrected_target_order,40470300.31113155,3830.9647353980718,81.24393804275385,77.17534973601535,18.328067577439977,0.9789081244681304,9.161286913981998,2.777294993197484,84.04982421357094,77.86053376970602
TimeFilter,RN,Daily,1,14,4227,0p0001,corrected_target_order,31588185.138661,3268.3422301658406,52.79804382180314,56.77272656883419,17.327451317284222,0.9790069262901923,3.0452517800791794,3.2784242959595575,54.108774197020836,57.79936807521924
TimeFilter,RN,Hourly,24,48,414,0p0001,corrected_target_order,106249272.13367912,1609.696057741495,41.00680299828682,15.743408531309326,4.402022393902624,0.8595093399598046,18.38287811786554,2.3950400069486575,46.209194265980074,18.93141883042938
TimeFilter,RR,Yearly,1,6,23000,0p0001,corrected_target_order,42332340.326648295,4517.899113290663,108.0363046056769,21.0113149481681,5.948802914294257,1.021457511880975,16.342173488084814,3.974360265173671,104.49287210063716,20.823811813717906
TimeFilter,RR,Quarterly,4,8,24000,0p0001,corrected_target_order,30665035.54376684,3684.5005289337623,82.79556320517788,11.21948935131423,7.124475995329564,1.030567074610718,11.96423231426962,1.5308986751077838,79.51958255994295,11.000178859604093
TimeFilter,RR,Monthly,12,18,48000,0p0001,corrected_target_order,18688961.853996992,2718.1773220322575,62.87146966370911,7.288815428644327,4.893196991642549,1.0176933059393876,15.550790003469528,1.2690727646806907,61.642684180483265,7.177898179217246
TimeFilter,RR,Weekly,1,13,359,0p0001,corrected_target_order,40505915.79564415,3833.2401034113554,81.3325089904424,77.18701828362512,18.335002260694516,0.9795099523277683,9.161286913982,2.777294993197484,84.04982421357096,77.86053376970602
TimeFilter,RR,Daily,1,14,4227,0p0001,corrected_target_order,31589178.66163898,3268.3967863834946,52.79777309026846,56.77548422835263,17.32782744283449,0.9790282800030148,3.0452517800791794,3.2784242959595575,54.108774197020836,57.79936807521924
TimeFilter,RR,Hourly,24,48,414,0p0001,corrected_target_order,104923316.73292038,1554.8783922120756,40.80237861433997,15.763594411016294,0.9635471544828473,1.1265168221840545,42.743468896500396,16.209237115149428,36.839002452974555,13.761956020447949
TimeMixer,NN,Yearly,1,6,23000,0p01,corrected_target_order,3428457.711589393,836.9815126560467,13.575647276156879,3.0460741643443736,0.7985718916677464,0.7985718916659685,16.342173488084814,3.974360265173671,16.342173488117087,3.974360265183603
TimeMixer,NN,Quarterly,4,8,24000,0p01,corrected_target_order,1969720.8951288522,585.4779042291641,10.471465703166716,1.241013380835473,0.9279436737283897,0.8054166379514761,11.011569928824954,1.371382270977276,12.52136683379731,1.602247176187081
TimeMixer,NN,Monthly,12,18,48000,0p01,corrected_target_order,1864662.8890141519,557.1061601412738,12.943802424100811,0.9625295656364828,0.9011907844403267,0.7868322681784506,14.42682875988102,1.0633594479711004,15.98828156281687,1.2597170382819949
TimeMixer,NN,Weekly,1,13,359,0p01,corrected_target_order,866438.3935074068,519.2501343614313,13.28242506624498,4.889259651311052,1.6051410776592516,1.6051410776592516,9.161286913981998,2.777294993197484,9.161286913981998,2.777294993197484
TimeMixer,NN,Daily,1,14,4227,0p01,corrected_target_order,469740.4911936873,197.93076145373902,3.3106565085562107,3.5933595603237647,1.0916083106366454,1.091608310637516,3.0452517800791794,3.2784242959595575,3.0452517800636603,3.27842429597092
TimeMixer,NN,Hourly,24,48,414,0p01,corrected_target_order,9575791.673188418,544.5499558321849,23.13672373436147,4.97358130991301,1.6676095143735332,2.9156398824147223,18.38287811786554,2.3950400069486575,13.912272896330165,1.1932102074200355
TimeMixer,NR,Yearly,1,6,23000,0p01,corrected_target_order,4303144.346835143,1050.2692891344313,16.375919382791352,4.082426523509043,1.0146279068651305,1.0146279068628576,16.342173488084814,3.974360265173671,16.342173488117087,3.974360265183603
TimeMixer,NR,Quarterly,4,8,24000,0p01,corrected_target_order,2073291.9969843158,632.6582325151962,11.251233757040072,1.3994895679147017,0.9272839689710966,0.8137374216429495,11.96423231426962,1.5308986751077838,13.50497592468908,1.7617887436505335
TimeMixer,NR,Monthly,12,18,48000,0p01,corrected_target_order,2070332.9652491715,620.3451398569213,14.33762909138687,1.1639269054485841,0.9195673390782019,0.7961340548493592,15.550790003469528,1.2690727646806907,17.662953110153197,1.4911939068277227
TimeMixer,NR,Weekly,1,13,359,0p01,corrected_target_order,893826.1189020515,523.1102176089138,13.320227984997695,4.8788088063446144,1.605322786794396,1.605322786794396,9.161286913982,2.777294993197484,9.161286913982,2.777294993197484
TimeMixer,NR,Daily,1,14,4227,0p01,corrected_target_order,486784.42143474036,198.98927229055727,3.321351663019287,3.6059265368306073,1.0952809668121253,1.0952809668129984,3.0452517800791794,3.2784242959595575,3.0452517800636603,3.27842429597092
TimeMixer,NR,Hourly,24,48,414,0p01,corrected_target_order,103279435.4689877,1615.8885950575313,35.64722569490387,12.435442481251673,0.8005815541010175,0.8288016737118467,42.743468896500396,16.209237115149428,41.95339841711752,15.391978324543457
TimeMixer,RN,Yearly,1,6,23000,0p01,corrected_target_order,42792681.29156349,4558.065536045764,108.74066410322168,21.253747491871007,6.000852844114565,1.0306489243656585,16.342173488084814,3.974360265173671,104.49287210063716,20.823811813717906
TimeMixer,RN,Quarterly,4,8,24000,0p01,corrected_target_order,30987451.313186433,3708.991874581364,83.43506862516406,11.312037681783403,7.912837956320745,1.038844061214776,11.011569928824954,1.371382270977276,79.51623197600479,10.999598035603645
TimeMixer,RN,Monthly,12,18,48000,0p01,corrected_target_order,18501535.270433888,2691.4589352112657,62.55260782857708,7.305519226787383,5.603039232644833,1.0137503701513764,14.42682875988102,1.0633594479711004,61.761637434184024,7.1997270372477145
TimeMixer,RN,Weekly,1,13,359,0p01,corrected_target_order,40445744.87034618,3814.355110316434,81.20444464552267,77.23611050775203,18.33685096725104,0.9790633738735502,9.161286913981998,2.777294993197484,84.04982421357094,77.86053376970602
TimeMixer,RN,Daily,1,14,4227,0p01,corrected_target_order,31994294.291656196,3304.9643248893412,53.8452799474573,57.40100637703374,17.595217447552372,0.9941190699251694,3.0452517800791794,3.2784242959595575,54.108774197020836,57.79936807521924
TimeMixer,RN,Hourly,24,48,414,0p01,corrected_target_order,99506161.76851149,1523.7531536266067,40.144765485877045,16.505134598358662,4.537597218192349,0.8702998255196293,18.38287811786554,2.3950400069486575,46.209194265980074,18.93141883042938
TimeMixer,RR,Yearly,1,6,23000,0p01,corrected_target_order,42679711.11474888,4557.616609992189,108.88406838903632,21.253086676984083,6.005157261789851,1.031319249269759,16.342173488084814,3.974360265173671,104.49287210063716,20.823811813717906
TimeMixer,RR,Quarterly,4,8,24000,0p01,corrected_target_order,30972387.07123983,3708.4770878916124,83.42930699623986,11.310583975470918,7.180712938288168,1.0386925004768695,11.96423231426962,1.5308986751077838,79.51958255994295,11.000178859604093
TimeMixer,RR,Monthly,12,18,48000,0p01,corrected_target_order,18456415.520583052,2688.0959730926897,62.48957603353112,7.295798236230084,4.883669222987779,1.0150820767379791,15.550790003469528,1.2690727646806907,61.642684180483265,7.177898179217246
TimeMixer,RR,Weekly,1,13,359,0p01,corrected_target_order,40468328.7443467,3819.066254399572,81.3102619169093,77.24188236764529,18.343665323184535,0.9797299305801295,9.161286913982,2.777294993197484,84.04982421357096,77.86053376970602
TimeMixer,RR,Daily,1,14,4227,0p01,corrected_target_order,31994333.67537941,3304.735518353717,53.84733678019339,57.400016304250435,17.595404160725394,0.9941295116502142,3.0452517800791794,3.2784242959595575,54.108774197020836,57.79936807521924
TimeMixer,RR,Hourly,24,48,414,0p01,corrected_target_order,70850076.13649215,1315.2913810036648,35.0252976108211,13.99294585311638,0.8413501275474449,0.9837756939970903,42.743468896500396,16.209237115149428,36.839002452974555,13.761956020447949
TimesNet,NN,Yearly,1,6,23000,0p0001,corrected_target_order,3724891.567790514,925.1769636032885,15.133508174433908,3.458700920811414,0.8981468049350724,0.8981468049330705,16.342173488084814,3.974360265173671,16.342173488117087,3.974360265183603
TimesNet,NN,Quarterly,4,8,24000,0p0001,corrected_target_order,2266578.710120711,665.6591338713857,11.915628454486772,1.4671764172746558,1.0759765203681912,0.9336613982959505,11.011569928824954,1.371382270977276,12.52136683379731,1.602247176187081
TimesNet,NN,Monthly,12,18,48000,0p0001,corrected_target_order,1995511.0113308046,595.231335599347,13.796981010117028,1.0656370994137148,0.9792419260134708,0.8544385191116399,14.42682875988102,1.0633594479711004,15.98828156281687,1.2597170382819949
TimesNet,NN,Weekly,1,13,359,0p0001,corrected_target_order,748495.2351913222,477.5661938981787,12.040564849283939,4.889748536727648,1.5374514848499867,1.5374514848499867,9.161286913981998,2.777294993197484,9.161286913981998,2.777294993197484
TimesNet,NN,Daily,1,14,4227,0p0001,corrected_target_order,599251.0594039803,273.0786269503861,4.551440767975058,5.086389939732763,1.5230382066870662,1.5230382066881862,3.0452517800791794,3.2784242959595575,3.0452517800636603,3.27842429597092
TimesNet,NN,Hourly,24,48,414,0p0001,corrected_target_order,63199505.32362322,1289.7882671193252,35.48836528676373,11.057375204608608,3.2736464601246102,5.908890277235173,18.38287811786554,2.3950400069486575,13.912272896330165,1.1932102074200355
TimesNet,NR,Yearly,1,6,23000,0p0001,corrected_target_order,3836672.707631752,953.6912676118349,15.579257344753627,3.583683592351718,0.9275084276631699,0.9275084276611019,16.342173488084814,3.974360265173671,16.342173488117087,3.974360265183603
TimesNet,NR,Quarterly,4,8,24000,0p0001,corrected_target_order,2312824.128056977,681.9816059036488,12.183039310258918,1.5061500052217107,1.0010611609011122,0.8785065184291079,11.96423231426962,1.5308986751077838,13.50497592468908,1.7617887436505335
TimesNet,NR,Monthly,12,18,48000,0p0001,corrected_target_order,2100547.880486158,622.5510072823358,14.41903124455418,1.1497274308914802,0.9165902098434602,0.7936772643763204,15.550790003469528,1.2690727646806907,17.662953110153197,1.4911939068277227
TimesNet,NR,Weekly,1,13,359,0p0001,corrected_target_order,782896.5825525312,488.15292662905506,12.286632209013321,4.9059785001807,1.553803123763156,1.553803123763156,9.161286913982,2.777294993197484,9.161286913982,2.777294993197484
TimesNet,NR,Daily,1,14,4227,0p0001,corrected_target_order,674035.2605654657,276.9553442561085,4.586683788404227,5.122213630476887,1.5342883126317854,1.534288312632916,3.0452517800791794,3.2784242959595575,3.0452517800636603,3.27842429597092
TimesNet,NR,Hourly,24,48,414,0p0001,corrected_target_order,56295236.85904482,1240.5802516778172,34.58754392177876,10.610028078804433,0.731877877074876,0.756874812772282,42.743468896500396,16.209237115149428,41.95339841711752,15.391978324543457
TimesNet,RN,Yearly,1,6,23000,0p0001,corrected_target_order,40326980.03409604,4374.208293897918,102.26530275993007,20.36346973304263,5.690732075714665,0.978287784805985,16.342173488084814,3.974360265173671,104.49287210063716,20.823811813717906
TimesNet,RN,Quarterly,4,8,24000,0p0001,corrected_target_order,30190099.662806503,3637.5164030384503,81.06843773504883,11.053847992293916,7.711242018109392,1.0122263047880482,11.011569928824954,1.371382270977276,79.51623197600479,10.999598035603645
TimesNet,RN,Monthly,12,18,48000,0p0001,corrected_target_order,18701653.855156958,2709.2250672647306,62.971190703807245,7.319221837460413,5.623989407581362,1.018090672800602,14.42682875988102,1.0633594479711004,61.761637434184024,7.1997270372477145
TimesNet,RN,Weekly,1,13,359,0p0001,corrected_target_order,40361067.20295175,3814.328806397,80.74838895024253,77.15739182521618,18.297788768384834,0.9758448550408596,9.161286913981998,2.777294993197484,84.04982421357094,77.86053376970602
TimesNet,RN,Daily,1,14,4227,0p0001,corrected_target_order,31883961.207181953,3279.4785492940023,53.013976540649836,56.912817799908844,17.384270952797422,0.9822141591036193,3.0452517800791794,3.2784242959595575,54.108774197020836,57.79936807521924
TimesNet,RN,Hourly,24,48,414,0p0001,corrected_target_order,100896383.01477729,1592.0893144374481,42.023976317908485,16.2120082808652,4.527515841376534,0.882891763727825,18.38287811786554,2.3950400069486575,46.209194265980074,18.93141883042938
TimesNet,RR,Yearly,1,6,23000,0p0001,corrected_target_order,40551067.77547091,4373.212630068215,101.95925997337206,20.362384634335832,5.681231974501991,0.9767973110890394,16.342173488084814,3.974360265173671,104.49287210063716,20.823811813717906
TimesNet,RR,Quarterly,4,8,24000,0p0001,corrected_target_order,30201737.30044948,3636.8614316434723,81.02311021558089,11.053288506922444,6.996120884685972,1.0118678557243417,11.96423231426962,1.5308986751077838,79.51958255994295,11.000178859604093
TimesNet,RR,Monthly,12,18,48000,0p0001,corrected_target_order,18681727.97410205,2708.4125775801604,62.97110512746957,7.315271305718607,4.906823851312527,1.02034434609334,15.550790003469528,1.2690727646806907,61.642684180483265,7.177898179217246
TimesNet,RR,Weekly,1,13,359,0p0001,corrected_target_order,40432678.899914265,3827.2170062581527,81.08467944108534,77.18186231423799,18.320548111339004,0.978002540625883,9.161286913982,2.777294993197484,84.04982421357096,77.86053376970602
TimesNet,RR,Daily,1,14,4227,0p0001,corrected_target_order,31883492.228599656,3279.309552568124,53.0141767053008,56.90858598829355,17.3836584145545,0.9821794009870521,3.0452517800791794,3.2784242959595575,54.108774197020836,57.79936807521924
TimesNet,RR,Hourly,24,48,414,0p0001,corrected_target_order,81228289.14168149,1378.1689910593684,40.10246160808996,15.296069200968669,0.9409381724730999,1.1000310016876602,42.743468896500396,16.209237115149428,36.839002452974555,13.761956020447949
iTransformer,NN,Yearly,1,6,23000,0p0001,corrected_target_order,3578022.8377532098,862.1283792172965,14.003328924202192,3.11796270348446,0.8207011439377404,0.820701143935914,16.342173488084814,3.974360265173671,16.342173488117087,3.974360265183603
iTransformer,NN,Quarterly,4,8,24000,0p0001,corrected_target_order,2031400.5653529307,602.3194871661012,10.781883532040718,1.2886310141797341,0.9593999312914248,0.8326718031332679,11.011569928824954,1.371382270977276,12.52136683379731,1.602247176187081
iTransformer,NN,Monthly,12,18,48000,0p0001,corrected_target_order,1971979.75388762,585.8517648268632,13.598122514804318,1.0354365855957264,0.9581494378193584,0.8362326135696322,14.42682875988102,1.0633594479711004,15.98828156281687,1.2597170382819949
iTransformer,NN,Weekly,1,13,359,0p0001,corrected_target_order,783037.0551836933,477.72831093910435,12.06212960398127,4.668492312370302,1.4987953914632364,1.4987953914632364,9.161286913981998,2.777294993197484,9.161286913981998,2.777294993197484
iTransformer,NN,Daily,1,14,4227,0p0001,corrected_target_order,516449.08361648896,223.09976745586926,3.7547818652017515,4.118887609969936,1.244678755816985,1.2446787558179495,3.0452517800791794,3.2784242959595575,3.0452517800636603,3.27842429597092
iTransformer,NN,Hourly,24,48,414,0p0001,corrected_target_order,63984831.896716796,1187.58240767919,34.16446540100947,10.322887314570261,3.0843022092636008,5.553531911217906,18.38287811786554,2.3950400069486575,13.912272896330165,1.1932102074200355
iTransformer,NR,Yearly,1,6,23000,0p0001,corrected_target_order,4045100.9404415106,992.7750117688205,15.97269809711132,3.739776796584722,0.9591835429423441,0.9591835429402032,16.342173488084814,3.974360265173671,16.342173488117087,3.974360265183603
iTransformer,NR,Quarterly,4,8,24000,0p0001,corrected_target_order,2200509.4212358873,648.0805685366028,11.55313183205962,1.4203929884984219,0.9467278343789983,0.8308471544526898,11.96423231426962,1.5308986751077838,13.50497592468908,1.7617887436505335
iTransformer,NR,Monthly,12,18,48000,0p0001,corrected_target_order,2125998.7332268427,627.4786929108915,14.550809081315698,1.1584231543777883,0.9242532386029496,0.8003233016484246,15.550790003469528,1.2690727646806907,17.662953110153197,1.4911939068277227
iTransformer,NR,Weekly,1,13,359,0p0001,corrected_target_order,766199.625391903,485.9019151739447,12.340715100585841,4.6996516821821075,1.5196095487909278,1.5196095487909278,9.161286913982,2.777294993197484,9.161286913982,2.777294993197484
iTransformer,NR,Daily,1,14,4227,0p0001,corrected_target_order,528044.7488869672,228.03963108435667,3.839734639468445,4.203693297617629,1.2715610646054585,1.2715610646064492,3.0452517800791794,3.2784242959595575,3.0452517800636603,3.27842429597092
iTransformer,NR,Hourly,24,48,414,0p0001,corrected_target_order,59561276.63081091,1233.7026979826762,34.72375417446986,10.445808662088984,0.7284056107249965,0.7531635866465083,42.743468896500396,16.209237115149428,41.95339841711752,15.391978324543457
iTransformer,RN,Yearly,1,6,23000,0p0001,corrected_target_order,43459767.149570376,4598.386523554987,110.22153125946099,21.400196232361626,6.064585180255761,1.041251273354396,16.342173488084814,3.974360265173671,104.49287210063716,20.823811813717906
iTransformer,RN,Quarterly,4,8,24000,0p0001,corrected_target_order,30958493.477795538,3701.6188109539685,82.97912898037512,11.251414373017454,7.870032208210024,1.0332213959992544,11.011569928824954,1.371382270977276,79.51623197600479,10.999598035603645
iTransformer,RN,Monthly,12,18,48000,0p0001,corrected_target_order,18809999.456087444,2721.340392597276,63.207699541623995,7.321876041107845,5.6334342758940235,1.0201896899613225,14.42682875988102,1.0633594479711004,61.761637434184024,7.1997270372477145
iTransformer,RN,Weekly,1,13,359,0p0001,corrected_target_order,40530412.78374717,3832.077624072595,81.13512197927258,77.25948308547214,18.33727530578177,0.9788010761488006,9.161286913981998,2.777294993197484,84.04982421357094,77.86053376970602
iTransformer,RN,Daily,1,14,4227,0p0001,corrected_target_order,31662815.780947834,3277.0154367384866,53.04988500755259,56.93474923366401,17.393511578483228,0.9827356968754724,3.0452517800791794,3.2784242959595575,54.108774197020836,57.79936807521924
iTransformer,RN,Hourly,24,48,414,0p0001,corrected_target_order,82406242.6697183,1381.3092215206527,40.817097429919315,15.464880555053167,4.338715718187301,0.850100421718075,18.38287811786554,2.3950400069486575,46.209194265980074,18.93141883042938
iTransformer,RR,Yearly,1,6,23000,0p0001,corrected_target_order,43331503.8909374,4597.700355820411,110.37017582957186,21.3988029338125,6.068957776880691,1.0419290854534182,16.342173488084814,3.974360265173671,104.49287210063716,20.823811813717906
iTransformer,RR,Quarterly,4,8,24000,0p0001,corrected_target_order,30938706.32104357,3701.9863231097725,82.99635886881825,11.25211988302928,7.143524806030319,1.033312811295934,11.96423231426962,1.5308986751077838,79.51958255994295,11.000178859604093
iTransformer,RR,Monthly,12,18,48000,0p0001,corrected_target_order,18757783.589078825,2719.73641633642,63.21234737424622,7.3166442918112855,4.915121383323019,1.0223967651538282,15.550790003469528,1.2690727646806907,61.642684180483265,7.177898179217246
iTransformer,RR,Weekly,1,13,359,0p0001,corrected_target_order,40570615.72633534,3852.9540967076923,81.74140040861585,77.3171684781518,18.380749633374045,0.9827781775655802,9.161286913982,2.777294993197484,84.04982421357096,77.86053376970602
iTransformer,RR,Daily,1,14,4227,0p0001,corrected_target_order,31661394.070011616,3276.4431404992883,53.0337707783804,56.92950985355956,17.3900667127494,0.9825414671435944,3.0452517800791794,3.2784242959595575,54.108774197020836,57.79936807521924
iTransformer,RR,Hourly,24,48,414,0p0001,corrected_target_order,90252448.48422438,1445.8430692708664,41.13051632822709,16.096917385842016,0.9776674923847823,1.1430808000036705,42.743468896500396,16.209237115149428,36.839002452974555,13.761956020447949
