model,dataset,case,seq_len,pred_len,channel_count,selected_count,mean_mse_normalized,mean_mae_normalized,result_relative_path
DLinear,ETTh1,NN,96,96,7,3,0.3829742350748607,0.3959554412535259,long_term/DLinear/ETTh1/NN/seq96_pred96/channel_metrics.csv
DLinear,ETTh1,NN,96,336,7,3,0.49050870537757874,0.4665247244494302,long_term/DLinear/ETTh1/NN/seq96_pred336/channel_metrics.csv
DLinear,ETTh1,NN,336,96,7,3,0.3828627360718591,0.4034569753067834,long_term/DLinear/ETTh1/NN/seq336_pred96/channel_metrics.csv
DLinear,ETTh1,NN,336,336,7,3,0.444002845457622,0.4454562153135027,long_term/DLinear/ETTh1/NN/seq336_pred336/channel_metrics.csv
DLinear,ETTh1,RN,96,96,7,3,0.3829947773899351,0.395914899451392,long_term/DLinear/ETTh1/RN/seq96_pred96/channel_metrics.csv
DLinear,ETTh1,RN,96,336,7,3,0.4818404359476907,0.45770091669900076,long_term/DLinear/ETTh1/RN/seq96_pred336/channel_metrics.csv
DLinear,ETTh1,RN,336,96,7,3,0.37616478226014544,0.39720770503793446,long_term/DLinear/ETTh1/RN/seq336_pred96/channel_metrics.csv
DLinear,ETTh1,RN,336,336,7,3,0.44148129863398416,0.44296231865882874,long_term/DLinear/ETTh1/RN/seq336_pred336/channel_metrics.csv
DLinear,ETTh1,NR,96,96,7,3,0.38106018411261694,0.39643400481769014,long_term/DLinear/ETTh1/NR/seq96_pred96/channel_metrics.csv
DLinear,ETTh1,NR,96,336,7,3,0.48174977728298735,0.45716567976134165,long_term/DLinear/ETTh1/NR/seq96_pred336/channel_metrics.csv
DLinear,ETTh1,NR,336,96,7,3,0.38154146181685583,0.40355411171913147,long_term/DLinear/ETTh1/NR/seq336_pred96/channel_metrics.csv
DLinear,ETTh1,NR,336,336,7,3,0.4267534762620926,0.4279931996549879,long_term/DLinear/ETTh1/NR/seq336_pred336/channel_metrics.csv
DLinear,ETTh1,RR,96,96,7,3,0.3810869870441301,0.39639714998858316,long_term/DLinear/ETTh1/RR/seq96_pred96/channel_metrics.csv
DLinear,ETTh1,RR,96,336,7,3,0.4739793964794704,0.44951985137803213,long_term/DLinear/ETTh1/RR/seq96_pred336/channel_metrics.csv
DLinear,ETTh1,RR,336,96,7,3,0.3744550368615559,0.39733682359967915,long_term/DLinear/ETTh1/RR/seq336_pred96/channel_metrics.csv
DLinear,ETTh1,RR,336,336,7,3,0.425285453242915,0.42670172452926636,long_term/DLinear/ETTh1/RR/seq336_pred336/channel_metrics.csv
DLinear,ETTh2,NN,96,96,7,3,0.3247771920370203,0.38015919604471754,long_term/DLinear/ETTh2/NN/seq96_pred96/channel_metrics.csv
DLinear,ETTh2,NN,96,336,7,3,0.47984902560710907,0.47540662969861713,long_term/DLinear/ETTh2/NN/seq96_pred336/channel_metrics.csv
DLinear,ETTh2,NN,336,96,7,3,0.28052495592939003,0.3437571408493178,long_term/DLinear/ETTh2/NN/seq336_pred96/channel_metrics.csv
DLinear,ETTh2,NN,336,336,7,3,0.4466890918889216,0.46307665961129324,long_term/DLinear/ETTh2/NN/seq336_pred336/channel_metrics.csv
DLinear,ETTh2,RN,96,96,7,3,0.3204214407929352,0.3782921795334135,long_term/DLinear/ETTh2/RN/seq96_pred96/channel_metrics.csv
DLinear,ETTh2,RN,96,336,7,3,0.5641922815037625,0.5228854066559246,long_term/DLinear/ETTh2/RN/seq96_pred336/channel_metrics.csv
DLinear,ETTh2,RN,336,96,7,3,0.28737791002328905,0.35035627654620577,long_term/DLinear/ETTh2/RN/seq336_pred96/channel_metrics.csv
DLinear,ETTh2,RN,336,336,7,3,0.37960235056068214,0.4195422636611121,long_term/DLinear/ETTh2/RN/seq336_pred336/channel_metrics.csv
DLinear,ETTh2,NR,96,96,7,3,0.32351002070520607,0.3810051903128624,long_term/DLinear/ETTh2/NR/seq96_pred96/channel_metrics.csv
DLinear,ETTh2,NR,96,336,7,3,0.4715943144900458,0.47576322725840975,long_term/DLinear/ETTh2/NR/seq96_pred336/channel_metrics.csv
DLinear,ETTh2,NR,336,96,7,3,0.2690173064225486,0.33804498080696377,long_term/DLinear/ETTh2/NR/seq336_pred96/channel_metrics.csv
DLinear,ETTh2,NR,336,336,7,3,0.4153908099979162,0.4455955752304622,long_term/DLinear/ETTh2/NR/seq336_pred336/channel_metrics.csv
DLinear,ETTh2,RR,96,96,7,3,0.3191939853131771,0.3792766439063208,long_term/DLinear/ETTh2/RR/seq96_pred96/channel_metrics.csv
DLinear,ETTh2,RR,96,336,7,3,0.5508527023983854,0.5202281890170914,long_term/DLinear/ETTh2/RR/seq96_pred336/channel_metrics.csv
DLinear,ETTh2,RR,336,96,7,3,0.2751917020816888,0.3441920833928244,long_term/DLinear/ETTh2/RR/seq336_pred96/channel_metrics.csv
DLinear,ETTh2,RR,336,336,7,3,0.42395178468099665,0.4516903800623758,long_term/DLinear/ETTh2/RR/seq336_pred336/channel_metrics.csv
DLinear,ETTm1,NN,96,96,7,3,0.34249594435095787,0.3710622936487198,long_term/DLinear/ETTm1/NN/seq96_pred96/channel_metrics.csv
DLinear,ETTm1,NN,96,336,7,3,0.41584438511303495,0.42002688135419575,long_term/DLinear/ETTm1/NN/seq96_pred336/channel_metrics.csv
DLinear,ETTm1,NN,336,96,7,3,0.31144660658070017,0.35495387443474363,long_term/DLinear/ETTm1/NN/seq336_pred96/channel_metrics.csv
DLinear,ETTm1,NN,336,336,7,3,0.37357533829552786,0.395305620772498,long_term/DLinear/ETTm1/NN/seq336_pred336/channel_metrics.csv
DLinear,ETTm1,RN,96,96,7,3,0.3444129377603531,0.37232002190181185,long_term/DLinear/ETTm1/RN/seq96_pred96/channel_metrics.csv
DLinear,ETTm1,RN,96,336,7,3,0.4129241683653423,0.4161643939358847,long_term/DLinear/ETTm1/RN/seq96_pred336/channel_metrics.csv
DLinear,ETTm1,RN,336,96,7,3,0.299886907849993,0.34500296839645933,long_term/DLinear/ETTm1/RN/seq336_pred96/channel_metrics.csv
DLinear,ETTm1,RN,336,336,7,3,0.3676649459770748,0.3866933860949108,long_term/DLinear/ETTm1/RN/seq336_pred336/channel_metrics.csv
DLinear,ETTm1,NR,96,96,7,3,0.34498034896595137,0.3711786951337542,long_term/DLinear/ETTm1/NR/seq96_pred96/channel_metrics.csv
DLinear,ETTm1,NR,96,336,7,3,0.42342674306460787,0.4207317999431065,long_term/DLinear/ETTm1/NR/seq96_pred336/channel_metrics.csv
DLinear,ETTm1,NR,336,96,7,3,0.3058636002242565,0.3525501787662506,long_term/DLinear/ETTm1/NR/seq336_pred96/channel_metrics.csv
DLinear,ETTm1,NR,336,336,7,3,0.3722130847828729,0.3921083552496774,long_term/DLinear/ETTm1/NR/seq336_pred336/channel_metrics.csv
DLinear,ETTm1,RR,96,96,7,3,0.3470008820295334,0.3725072145462036,long_term/DLinear/ETTm1/RR/seq96_pred96/channel_metrics.csv
DLinear,ETTm1,RR,96,336,7,3,0.4206667308296476,0.4169534274509975,long_term/DLinear/ETTm1/RR/seq96_pred336/channel_metrics.csv
DLinear,ETTm1,RR,336,96,7,3,0.3007290044001171,0.3483474999666214,long_term/DLinear/ETTm1/RR/seq336_pred96/channel_metrics.csv
DLinear,ETTm1,RR,336,336,7,3,0.3664164500577109,0.3839668056794575,long_term/DLinear/ETTm1/RR/seq336_pred336/channel_metrics.csv
DLinear,ETTm2,NN,96,96,7,3,0.19162309662039792,0.28996853104659487,long_term/DLinear/ETTm2/NN/seq96_pred96/channel_metrics.csv
DLinear,ETTm2,NN,96,336,7,3,0.3571245569203581,0.40715006313153673,long_term/DLinear/ETTm2/NN/seq96_pred336/channel_metrics.csv
DLinear,ETTm2,NN,336,96,7,3,0.166802897184555,0.25703727507165497,long_term/DLinear/ETTm2/NN/seq336_pred96/channel_metrics.csv
DLinear,ETTm2,NN,336,336,7,3,0.3059579867071339,0.36531217076948713,long_term/DLinear/ETTm2/NN/seq336_pred336/channel_metrics.csv
DLinear,ETTm2,RN,96,96,7,3,0.18806338915601373,0.28261569727744373,long_term/DLinear/ETTm2/RN/seq96_pred96/channel_metrics.csv
DLinear,ETTm2,RN,96,336,7,3,0.3280836818739772,0.3798159648265157,long_term/DLinear/ETTm2/RN/seq96_pred336/channel_metrics.csv
DLinear,ETTm2,RN,336,96,7,3,0.16693933946745734,0.2586963049003056,long_term/DLinear/ETTm2/RN/seq336_pred96/channel_metrics.csv
DLinear,ETTm2,RN,336,336,7,3,0.2944444433919021,0.35446527919598986,long_term/DLinear/ETTm2/RN/seq336_pred336/channel_metrics.csv
DLinear,ETTm2,NR,96,96,7,3,0.19103015493601558,0.29043535036700113,long_term/DLinear/ETTm2/NR/seq96_pred96/channel_metrics.csv
DLinear,ETTm2,NR,96,336,7,3,0.3539490002606596,0.40737982200724737,long_term/DLinear/ETTm2/NR/seq96_pred336/channel_metrics.csv
DLinear,ETTm2,NR,336,96,7,3,0.16790672624483705,0.259703450437103,long_term/DLinear/ETTm2/NR/seq336_pred96/channel_metrics.csv
DLinear,ETTm2,NR,336,336,7,3,0.30227887723594904,0.36588977383715765,long_term/DLinear/ETTm2/NR/seq336_pred336/channel_metrics.csv
DLinear,ETTm2,RR,96,96,7,3,0.18759630055033732,0.2831950799695083,long_term/DLinear/ETTm2/RR/seq96_pred96/channel_metrics.csv
DLinear,ETTm2,RR,96,336,7,3,0.32612721688513246,0.3804441381778036,long_term/DLinear/ETTm2/RR/seq96_pred336/channel_metrics.csv
DLinear,ETTm2,RR,336,96,7,3,0.1678912341594696,0.26126791749681744,long_term/DLinear/ETTm2/RR/seq336_pred96/channel_metrics.csv
DLinear,ETTm2,RR,336,336,7,3,0.2916118156697069,0.3554991813642638,long_term/DLinear/ETTm2/RR/seq336_pred336/channel_metrics.csv
DLinear,electricity,NN,96,96,321,160,0.194534778540571,0.2771640182516285,long_term/DLinear/electricity/NN/seq96_pred96/channel_metrics.csv
DLinear,electricity,NN,96,336,321,160,0.20631847329977376,0.2955784981495866,long_term/DLinear/electricity/NN/seq96_pred336/channel_metrics.csv
DLinear,electricity,NN,336,96,321,160,0.14009685543923553,0.23752798288596383,long_term/DLinear/electricity/NN/seq336_pred96/channel_metrics.csv
DLinear,electricity,NN,336,336,321,160,0.16882937033827533,0.2674592956204281,long_term/DLinear/electricity/NN/seq336_pred336/channel_metrics.csv
DLinear,electricity,RN,96,96,321,160,0.19467416246975786,0.27584525717660274,long_term/DLinear/electricity/RN/seq96_pred96/channel_metrics.csv
DLinear,electricity,RN,96,336,321,160,0.2061269944889117,0.2953487021552625,long_term/DLinear/electricity/RN/seq96_pred336/channel_metrics.csv
DLinear,electricity,RN,336,96,321,160,0.14002104348980318,0.23737298801680592,long_term/DLinear/electricity/RN/seq336_pred96/channel_metrics.csv
DLinear,electricity,RN,336,336,321,160,0.16875968473771952,0.26775774167055655,long_term/DLinear/electricity/RN/seq336_pred336/channel_metrics.csv
DLinear,electricity,NR,96,96,321,160,0.19261007221282175,0.2764232678692846,long_term/DLinear/electricity/NR/seq96_pred96/channel_metrics.csv
DLinear,electricity,NR,96,336,321,160,0.2048953533879078,0.29481697002443197,long_term/DLinear/electricity/NR/seq96_pred336/channel_metrics.csv
DLinear,electricity,NR,336,96,321,160,0.13388698984926123,0.23476892801993918,long_term/DLinear/electricity/NR/seq336_pred96/channel_metrics.csv
DLinear,electricity,NR,336,336,321,160,0.16399227046861814,0.2656798281262968,long_term/DLinear/electricity/NR/seq336_pred336/channel_metrics.csv
DLinear,electricity,RR,96,96,321,160,0.19298514244697892,0.2754562630947691,long_term/DLinear/electricity/RR/seq96_pred96/channel_metrics.csv
DLinear,electricity,RR,96,336,321,160,0.20479229304248994,0.2946544917085646,long_term/DLinear/electricity/RR/seq96_pred336/channel_metrics.csv
DLinear,electricity,RR,336,96,321,160,0.1338786882436486,0.2348920058261754,long_term/DLinear/electricity/RR/seq336_pred96/channel_metrics.csv
DLinear,electricity,RR,336,336,321,160,0.16392475231354792,0.26570224719023405,long_term/DLinear/electricity/RR/seq336_pred336/channel_metrics.csv
DLinear,exchange_rate,NN,96,96,8,4,0.0770220551639795,0.19530457444488997,long_term/DLinear/exchange_rate/NN/seq96_pred96/channel_metrics.csv
DLinear,exchange_rate,NN,96,336,8,4,0.2843108386732638,0.4051032103598118,long_term/DLinear/exchange_rate/NN/seq96_pred336/channel_metrics.csv
DLinear,exchange_rate,NN,336,96,8,4,0.11674625938758254,0.2435166453942656,long_term/DLinear/exchange_rate/NN/seq336_pred96/channel_metrics.csv
DLinear,exchange_rate,NN,336,336,8,4,0.34498715680092573,0.44576129131019115,long_term/DLinear/exchange_rate/NN/seq336_pred336/channel_metrics.csv
DLinear,exchange_rate,RN,96,96,8,4,0.08170163864269847,0.2014520158991217,long_term/DLinear/exchange_rate/RN/seq96_pred96/channel_metrics.csv
DLinear,exchange_rate,RN,96,336,8,4,0.33181939646601677,0.43923942372202873,long_term/DLinear/exchange_rate/RN/seq96_pred336/channel_metrics.csv
DLinear,exchange_rate,RN,336,96,8,4,0.08586012595333155,0.21494634635746473,long_term/DLinear/exchange_rate/RN/seq336_pred96/channel_metrics.csv
DLinear,exchange_rate,RN,336,336,8,4,0.3167320340871811,0.42794585414230824,long_term/DLinear/exchange_rate/RN/seq336_pred336/channel_metrics.csv
DLinear,exchange_rate,NR,96,96,8,4,0.08632217766717074,0.2039261534810066,long_term/DLinear/exchange_rate/NR/seq96_pred96/channel_metrics.csv
DLinear,exchange_rate,NR,96,336,8,4,0.46258559450507164,0.4944864362478256,long_term/DLinear/exchange_rate/NR/seq96_pred336/channel_metrics.csv
DLinear,exchange_rate,NR,336,96,8,4,0.10017659876029934,0.2203661389648914,long_term/DLinear/exchange_rate/NR/seq336_pred96/channel_metrics.csv
DLinear,exchange_rate,NR,336,336,8,4,0.6004465646110475,0.5644247550517321,long_term/DLinear/exchange_rate/NR/seq336_pred336/channel_metrics.csv
DLinear,exchange_rate,RR,96,96,8,4,0.08535935403779142,0.20480382535606617,long_term/DLinear/exchange_rate/RR/seq96_pred96/channel_metrics.csv
DLinear,exchange_rate,RR,96,336,8,4,0.5512368828058243,0.550776980817318,long_term/DLinear/exchange_rate/RR/seq96_pred336/channel_metrics.csv
DLinear,exchange_rate,RR,336,96,8,4,0.11362442350946361,0.23344063758850095,long_term/DLinear/exchange_rate/RR/seq336_pred96/channel_metrics.csv
DLinear,exchange_rate,RR,336,336,8,4,0.6237514838576317,0.5802320744842291,long_term/DLinear/exchange_rate/RR/seq336_pred336/channel_metrics.csv
DLinear,weather,NN,96,96,21,10,0.19947098923148582,0.2656669281423092,long_term/DLinear/weather/NN/seq96_pred96/channel_metrics.csv
DLinear,weather,NN,96,336,21,10,0.2865225465142257,0.3387387391357195,long_term/DLinear/weather/NN/seq96_pred336/channel_metrics.csv
DLinear,weather,NN,336,96,21,10,0.17717698663251383,0.24346399298381238,long_term/DLinear/weather/NN/seq336_pred96/channel_metrics.csv
DLinear,weather,NN,336,336,21,10,0.2626426625204095,0.3159259856634197,long_term/DLinear/weather/NN/seq336_pred336/channel_metrics.csv
DLinear,weather,RN,96,96,21,10,0.1943499829919476,0.25179980304979144,long_term/DLinear/weather/RN/seq96_pred96/channel_metrics.csv
DLinear,weather,RN,96,336,21,10,0.27922236246688825,0.32807279839402154,long_term/DLinear/weather/RN/seq96_pred336/channel_metrics.csv
DLinear,weather,RN,336,96,21,10,0.17426732424203126,0.2359847359004475,long_term/DLinear/weather/RN/seq336_pred96/channel_metrics.csv
DLinear,weather,RN,336,336,21,10,0.25953745446722243,0.3100658122095324,long_term/DLinear/weather/RN/seq336_pred336/channel_metrics.csv
DLinear,weather,NR,96,96,21,10,0.1987702172011181,0.26514324856301147,long_term/DLinear/weather/NR/seq96_pred96/channel_metrics.csv
DLinear,weather,NR,96,336,21,10,0.2822734153957017,0.3399639878244627,long_term/DLinear/weather/NR/seq96_pred336/channel_metrics.csv
DLinear,weather,NR,336,96,21,10,0.17521785714641389,0.24314068479552156,long_term/DLinear/weather/NR/seq336_pred96/channel_metrics.csv
DLinear,weather,NR,336,336,21,10,0.25332681599926826,0.31663356393220876,long_term/DLinear/weather/NR/seq336_pred336/channel_metrics.csv
DLinear,weather,RR,96,96,21,10,0.1942529504775025,0.25269344724005177,long_term/DLinear/weather/RR/seq96_pred96/channel_metrics.csv
DLinear,weather,RR,96,336,21,10,0.27926335615449627,0.3350362842459054,long_term/DLinear/weather/RR/seq96_pred336/channel_metrics.csv
DLinear,weather,RR,336,96,21,10,0.17271471378349118,0.23562482043745972,long_term/DLinear/weather/RR/seq336_pred96/channel_metrics.csv
DLinear,weather,RR,336,336,21,10,0.2507938861658442,0.3108234414387317,long_term/DLinear/weather/RR/seq336_pred336/channel_metrics.csv
DLinear,illness,NN,96,96,7,3,2.8846202748162404,1.213548140866416,long_term/DLinear/illness/NN/seq96_pred96/channel_metrics.csv
DLinear,illness,NN,336,96,7,3,5.667839740003858,1.8815303019114904,long_term/DLinear/illness/NN/seq336_pred96/channel_metrics.csv
DLinear,illness,RN,96,96,7,3,2.881730845996312,1.2127601163727897,long_term/DLinear/illness/RN/seq96_pred96/channel_metrics.csv
DLinear,illness,RN,336,96,7,3,6.062174201011658,1.8710078511919295,long_term/DLinear/illness/RN/seq336_pred96/channel_metrics.csv
DLinear,illness,NR,96,96,7,3,2.075388593333108,1.1107990997178214,long_term/DLinear/illness/NR/seq96_pred96/channel_metrics.csv
DLinear,illness,NR,336,96,7,3,4.418925132070269,1.6942440952573503,long_term/DLinear/illness/NR/seq336_pred96/channel_metrics.csv
DLinear,illness,RR,96,96,7,3,2.003538651125772,1.0767980217933655,long_term/DLinear/illness/RR/seq96_pred96/channel_metrics.csv
DLinear,illness,RR,336,96,7,3,4.588001983506339,1.7109031677246094,long_term/DLinear/illness/RR/seq336_pred96/channel_metrics.csv
iTransformer,ETTh1,NN,96,96,7,3,0.39493795377867563,0.4097885915211269,long_term/iTransformer/ETTh1/NN/seq96_pred96/channel_metrics.csv
iTransformer,ETTh1,NN,96,336,7,3,0.49192015933138983,0.46536220610141754,long_term/iTransformer/ETTh1/NN/seq96_pred336/channel_metrics.csv
iTransformer,ETTh1,NN,336,96,7,3,0.397271138216768,0.4157374437366213,long_term/iTransformer/ETTh1/NN/seq336_pred96/channel_metrics.csv
iTransformer,ETTh1,NN,336,336,7,3,0.45910737769944326,0.459400794335774,long_term/iTransformer/ETTh1/NN/seq336_pred336/channel_metrics.csv
iTransformer,ETTh1,RN,96,96,7,3,0.3943139373191765,0.40883514285087585,long_term/iTransformer/ETTh1/RN/seq96_pred96/channel_metrics.csv
iTransformer,ETTh1,RN,96,336,7,3,0.4881034088986261,0.46098001514162334,long_term/iTransformer/ETTh1/RN/seq96_pred336/channel_metrics.csv
iTransformer,ETTh1,RN,336,96,7,3,0.3917177596262523,0.41131984336035593,long_term/iTransformer/ETTh1/RN/seq336_pred96/channel_metrics.csv
iTransformer,ETTh1,RN,336,336,7,3,0.46231869395290104,0.4610039932387216,long_term/iTransformer/ETTh1/RN/seq336_pred336/channel_metrics.csv
iTransformer,ETTh1,NR,96,96,7,3,0.395649077636855,0.4112344597067152,long_term/iTransformer/ETTh1/NR/seq96_pred96/channel_metrics.csv
iTransformer,ETTh1,NR,96,336,7,3,0.4934826237814767,0.467870546238763,long_term/iTransformer/ETTh1/NR/seq96_pred336/channel_metrics.csv
iTransformer,ETTh1,NR,336,96,7,3,0.39564438802855356,0.4162766592843192,long_term/iTransformer/ETTh1/NR/seq336_pred96/channel_metrics.csv
iTransformer,ETTh1,NR,336,336,7,3,0.4623718612960407,0.4624746633427484,long_term/iTransformer/ETTh1/NR/seq336_pred336/channel_metrics.csv
iTransformer,ETTh1,RR,96,96,7,3,0.3925309660179274,0.40875190070697237,long_term/iTransformer/ETTh1/RR/seq96_pred96/channel_metrics.csv
iTransformer,ETTh1,RR,96,336,7,3,0.48569396670375553,0.4614737885338919,long_term/iTransformer/ETTh1/RR/seq96_pred336/channel_metrics.csv
iTransformer,ETTh1,RR,336,96,7,3,0.3893818328423159,0.4119851972375597,long_term/iTransformer/ETTh1/RR/seq336_pred96/channel_metrics.csv
iTransformer,ETTh1,RR,336,336,7,3,0.4519185945391655,0.45640179940632414,long_term/iTransformer/ETTh1/RR/seq336_pred336/channel_metrics.csv
iTransformer,ETTh2,NN,96,96,7,3,0.30038380183811697,0.349616747881685,long_term/iTransformer/ETTh2/NN/seq96_pred96/channel_metrics.csv
iTransformer,ETTh2,NN,96,336,7,3,0.42343509702810217,0.43233614414930344,long_term/iTransformer/ETTh2/NN/seq96_pred336/channel_metrics.csv
iTransformer,ETTh2,NN,336,96,7,3,0.30705886307571617,0.3631532522184508,long_term/iTransformer/ETTh2/NN/seq336_pred96/channel_metrics.csv
iTransformer,ETTh2,NN,336,336,7,3,0.42753252014517784,0.43710402505738394,long_term/iTransformer/ETTh2/NN/seq336_pred336/channel_metrics.csv
iTransformer,ETTh2,RN,96,96,7,3,0.30012340790459086,0.35036137061459677,long_term/iTransformer/ETTh2/RN/seq96_pred96/channel_metrics.csv
iTransformer,ETTh2,RN,96,336,7,3,0.41475072955446585,0.4283196521656854,long_term/iTransformer/ETTh2/RN/seq96_pred336/channel_metrics.csv
iTransformer,ETTh2,RN,336,96,7,3,0.30537612164126976,0.36026364245585035,long_term/iTransformer/ETTh2/RN/seq336_pred96/channel_metrics.csv
iTransformer,ETTh2,RN,336,336,7,3,0.39115796451057705,0.4158902242779732,long_term/iTransformer/ETTh2/RN/seq336_pred336/channel_metrics.csv
iTransformer,ETTh2,NR,96,96,7,3,0.3139311659282872,0.3614511734672955,long_term/iTransformer/ETTh2/NR/seq96_pred96/channel_metrics.csv
iTransformer,ETTh2,NR,96,336,7,3,0.4329473094216415,0.4415888413786888,long_term/iTransformer/ETTh2/NR/seq96_pred336/channel_metrics.csv
iTransformer,ETTh2,NR,336,96,7,3,0.30202772308673176,0.36163979130131857,long_term/iTransformer/ETTh2/NR/seq336_pred96/channel_metrics.csv
iTransformer,ETTh2,NR,336,336,7,3,0.4179862503494535,0.4384905131799834,long_term/iTransformer/ETTh2/NR/seq336_pred336/channel_metrics.csv
iTransformer,ETTh2,RR,96,96,7,3,0.30481451882847715,0.3543181834476335,long_term/iTransformer/ETTh2/RR/seq96_pred96/channel_metrics.csv
iTransformer,ETTh2,RR,96,336,7,3,0.4175607647214617,0.43394566433770315,long_term/iTransformer/ETTh2/RR/seq96_pred336/channel_metrics.csv
iTransformer,ETTh2,RR,336,96,7,3,0.28852045855351854,0.3531770897763116,long_term/iTransformer/ETTh2/RR/seq336_pred96/channel_metrics.csv
iTransformer,ETTh2,RR,336,336,7,3,0.36763120788548675,0.4075744077563286,long_term/iTransformer/ETTh2/RR/seq336_pred336/channel_metrics.csv
iTransformer,ETTm1,NN,96,96,7,3,0.3408780183110918,0.3764915828193937,long_term/iTransformer/ETTm1/NN/seq96_pred96/channel_metrics.csv
iTransformer,ETTm1,NN,96,336,7,3,0.41756038261311396,0.4189363015549524,long_term/iTransformer/ETTm1/NN/seq96_pred336/channel_metrics.csv
iTransformer,ETTm1,NN,336,96,7,3,0.3056868293455669,0.35888952016830444,long_term/iTransformer/ETTm1/NN/seq336_pred96/channel_metrics.csv
iTransformer,ETTm1,NN,336,336,7,3,0.37971344058002743,0.40459789761475157,long_term/iTransformer/ETTm1/NN/seq336_pred336/channel_metrics.csv
iTransformer,ETTm1,RN,96,96,7,3,0.34868981476340977,0.3771607833249228,long_term/iTransformer/ETTm1/RN/seq96_pred96/channel_metrics.csv
iTransformer,ETTm1,RN,96,336,7,3,0.41621790507010054,0.4187882627759661,long_term/iTransformer/ETTm1/RN/seq96_pred336/channel_metrics.csv
iTransformer,ETTm1,RN,336,96,7,3,0.30990439892879557,0.3621064467089517,long_term/iTransformer/ETTm1/RN/seq336_pred96/channel_metrics.csv
iTransformer,ETTm1,RN,336,336,7,3,0.38115975313952993,0.4038143094096865,long_term/iTransformer/ETTm1/RN/seq336_pred336/channel_metrics.csv
iTransformer,ETTm1,NR,96,96,7,3,0.35224875435233116,0.3783237359353474,long_term/iTransformer/ETTm1/NR/seq96_pred96/channel_metrics.csv
iTransformer,ETTm1,NR,96,336,7,3,0.42929941628660473,0.4212572361741747,long_term/iTransformer/ETTm1/NR/seq96_pred336/channel_metrics.csv
iTransformer,ETTm1,NR,336,96,7,3,0.31776163993137224,0.3667325569050653,long_term/iTransformer/ETTm1/NR/seq336_pred96/channel_metrics.csv
iTransformer,ETTm1,NR,336,336,7,3,0.3788580388895103,0.4009567563022886,long_term/iTransformer/ETTm1/NR/seq336_pred336/channel_metrics.csv
iTransformer,ETTm1,RR,96,96,7,3,0.3411012020494257,0.3716916356767927,long_term/iTransformer/ETTm1/RR/seq96_pred96/channel_metrics.csv
iTransformer,ETTm1,RR,96,336,7,3,0.4140526551221098,0.4141016900539398,long_term/iTransformer/ETTm1/RR/seq96_pred336/channel_metrics.csv
iTransformer,ETTm1,RR,336,96,7,3,0.305072687034096,0.3569756363119398,long_term/iTransformer/ETTm1/RR/seq336_pred96/channel_metrics.csv
iTransformer,ETTm1,RR,336,336,7,3,0.37872075023395674,0.39933757058211733,long_term/iTransformer/ETTm1/RR/seq336_pred336/channel_metrics.csv
iTransformer,ETTm2,NN,96,96,7,3,0.18313722079619765,0.2664970313864095,long_term/iTransformer/ETTm2/NN/seq96_pred96/channel_metrics.csv
iTransformer,ETTm2,NN,96,336,7,3,0.3110206437164119,0.34946158634764807,long_term/iTransformer/ETTm2/NN/seq96_pred336/channel_metrics.csv
iTransformer,ETTm2,NN,336,96,7,3,0.1742323313706687,0.2650941589048931,long_term/iTransformer/ETTm2/NN/seq336_pred96/channel_metrics.csv
iTransformer,ETTm2,NN,336,336,7,3,0.29634118798588005,0.34637402104479925,long_term/iTransformer/ETTm2/NN/seq336_pred336/channel_metrics.csv
iTransformer,ETTm2,RN,96,96,7,3,0.1927696854275252,0.2789446493344648,long_term/iTransformer/ETTm2/RN/seq96_pred96/channel_metrics.csv
iTransformer,ETTm2,RN,96,336,7,3,0.312626426906458,0.35238892265728544,long_term/iTransformer/ETTm2/RN/seq96_pred336/channel_metrics.csv
iTransformer,ETTm2,RN,336,96,7,3,0.17504940181970594,0.2684573866426944,long_term/iTransformer/ETTm2/RN/seq336_pred96/channel_metrics.csv
iTransformer,ETTm2,RN,336,336,7,3,0.2925105420872569,0.3448747332606997,long_term/iTransformer/ETTm2/RN/seq336_pred336/channel_metrics.csv
iTransformer,ETTm2,NR,96,96,7,3,0.20979844319767182,0.2957768865994045,long_term/iTransformer/ETTm2/NR/seq96_pred96/channel_metrics.csv
iTransformer,ETTm2,NR,96,336,7,3,0.34531792000468287,0.37973328892673763,long_term/iTransformer/ETTm2/NR/seq96_pred336/channel_metrics.csv
iTransformer,ETTm2,NR,336,96,7,3,0.17528040979855827,0.2695093559367316,long_term/iTransformer/ETTm2/NR/seq336_pred96/channel_metrics.csv
iTransformer,ETTm2,NR,336,336,7,3,0.2965657776221633,0.34973863512277603,long_term/iTransformer/ETTm2/NR/seq336_pred336/channel_metrics.csv
iTransformer,ETTm2,RR,96,96,7,3,0.18112195376306772,0.2645313596086843,long_term/iTransformer/ETTm2/RR/seq96_pred96/channel_metrics.csv
iTransformer,ETTm2,RR,96,336,7,3,0.30946484114974737,0.34989492701632635,long_term/iTransformer/ETTm2/RR/seq96_pred336/channel_metrics.csv
iTransformer,ETTm2,RR,336,96,7,3,0.1802027206202703,0.27440183875816204,long_term/iTransformer/ETTm2/RR/seq336_pred96/channel_metrics.csv
iTransformer,ETTm2,RR,336,336,7,3,0.2890831967815757,0.3468028668846403,long_term/iTransformer/ETTm2/RR/seq336_pred336/channel_metrics.csv
iTransformer,electricity,NN,96,96,321,160,0.19619337562506264,0.2814224241867174,long_term/iTransformer/electricity/NN/seq96_pred96/channel_metrics.csv
iTransformer,electricity,NN,96,336,321,160,0.22518988932691278,0.3125545025398415,long_term/iTransformer/electricity/NN/seq96_pred336/channel_metrics.csv
iTransformer,electricity,NN,336,96,321,160,0.15219198114103147,0.2541448544363442,long_term/iTransformer/electricity/NN/seq336_pred96/channel_metrics.csv
iTransformer,electricity,NN,336,336,321,160,0.19471663628015756,0.2948882840639067,long_term/iTransformer/electricity/NN/seq336_pred336/channel_metrics.csv
iTransformer,electricity,RN,96,96,321,160,0.20053535593406954,0.2846932596214423,long_term/iTransformer/electricity/RN/seq96_pred96/channel_metrics.csv
iTransformer,electricity,RN,96,336,321,160,0.22688652685086555,0.31429957900873773,long_term/iTransformer/electricity/RN/seq96_pred336/channel_metrics.csv
iTransformer,electricity,RN,336,96,321,160,0.15313433738552493,0.2553481075795211,long_term/iTransformer/electricity/RN/seq336_pred96/channel_metrics.csv
iTransformer,electricity,RN,336,336,321,160,0.19630881881631831,0.29692110472041067,long_term/iTransformer/electricity/RN/seq336_pred336/channel_metrics.csv
iTransformer,electricity,NR,96,96,321,160,0.20237509978306836,0.2899562645264005,long_term/iTransformer/electricity/NR/seq96_pred96/channel_metrics.csv
iTransformer,electricity,NR,96,336,321,160,0.23002838954966354,0.318742586128962,long_term/iTransformer/electricity/NR/seq96_pred336/channel_metrics.csv
iTransformer,electricity,NR,336,96,321,160,0.15263688562257854,0.26065614727681874,long_term/iTransformer/electricity/NR/seq336_pred96/channel_metrics.csv
iTransformer,electricity,NR,336,336,321,160,0.19522179367941261,0.2992959101760551,long_term/iTransformer/electricity/NR/seq336_pred336/channel_metrics.csv
iTransformer,electricity,RR,96,96,321,160,0.20417292678298984,0.2920394418532655,long_term/iTransformer/electricity/RR/seq96_pred96/channel_metrics.csv
iTransformer,electricity,RR,96,336,321,160,0.23065034566097384,0.3195872488097981,long_term/iTransformer/electricity/RR/seq96_pred336/channel_metrics.csv
iTransformer,electricity,RR,336,96,321,160,0.15281243252504445,0.26098762851696594,long_term/iTransformer/electricity/RR/seq336_pred96/channel_metrics.csv
iTransformer,electricity,RR,336,336,321,160,0.19852849536102304,0.30327429165345593,long_term/iTransformer/electricity/RR/seq336_pred336/channel_metrics.csv
iTransformer,exchange_rate,NN,96,96,8,4,0.08693479094654318,0.20714839082211253,long_term/iTransformer/exchange_rate/NN/seq96_pred96/channel_metrics.csv
iTransformer,exchange_rate,NN,96,336,8,4,0.3324346370063722,0.41848414298146963,long_term/iTransformer/exchange_rate/NN/seq96_pred336/channel_metrics.csv
iTransformer,exchange_rate,NN,336,96,8,4,0.09618237498216325,0.2232443150132894,long_term/iTransformer/exchange_rate/NN/seq336_pred96/channel_metrics.csv
iTransformer,exchange_rate,NN,336,336,8,4,0.36260739993304014,0.4414432365447283,long_term/iTransformer/exchange_rate/NN/seq336_pred336/channel_metrics.csv
iTransformer,exchange_rate,RN,96,96,8,4,0.08530442207120353,0.20545623358339066,long_term/iTransformer/exchange_rate/RN/seq96_pred96/channel_metrics.csv
iTransformer,exchange_rate,RN,96,336,8,4,0.30065670516341925,0.39967069681733847,long_term/iTransformer/exchange_rate/RN/seq96_pred336/channel_metrics.csv
iTransformer,exchange_rate,RN,336,96,8,4,0.09719771496020252,0.22446913737803692,long_term/iTransformer/exchange_rate/RN/seq336_pred96/channel_metrics.csv
iTransformer,exchange_rate,RN,336,336,8,4,0.35382084059529006,0.4312386913225055,long_term/iTransformer/exchange_rate/RN/seq336_pred336/channel_metrics.csv
iTransformer,exchange_rate,NR,96,96,8,4,0.08934079750906673,0.210050125606358,long_term/iTransformer/exchange_rate/NR/seq96_pred96/channel_metrics.csv
iTransformer,exchange_rate,NR,96,336,8,4,0.3178221886046231,0.4100082637742162,long_term/iTransformer/exchange_rate/NR/seq96_pred336/channel_metrics.csv
iTransformer,exchange_rate,NR,336,96,8,4,0.1020889410283416,0.22987527586519715,long_term/iTransformer/exchange_rate/NR/seq336_pred96/channel_metrics.csv
iTransformer,exchange_rate,NR,336,336,8,4,0.3718735824804753,0.4421820007264614,long_term/iTransformer/exchange_rate/NR/seq336_pred336/channel_metrics.csv
iTransformer,exchange_rate,RR,96,96,8,4,0.085120758973062,0.20459380280226463,long_term/iTransformer/exchange_rate/RR/seq96_pred96/channel_metrics.csv
iTransformer,exchange_rate,RR,96,336,8,4,0.32198010105639696,0.4124000696465373,long_term/iTransformer/exchange_rate/RR/seq96_pred336/channel_metrics.csv
iTransformer,exchange_rate,RR,336,96,8,4,0.10653404658660288,0.23298376239836216,long_term/iTransformer/exchange_rate/RR/seq336_pred96/channel_metrics.csv
iTransformer,exchange_rate,RR,336,336,8,4,0.41050037275999784,0.45803732331842184,long_term/iTransformer/exchange_rate/RR/seq336_pred336/channel_metrics.csv
iTransformer,weather,NN,96,96,21,10,0.18400724204478874,0.2247616262840373,long_term/iTransformer/weather/NN/seq96_pred96/channel_metrics.csv
iTransformer,weather,NN,96,336,21,10,0.2864504188487661,0.3034302236601001,long_term/iTransformer/weather/NN/seq96_pred336/channel_metrics.csv
iTransformer,weather,NN,336,96,21,10,0.15758548267850914,0.2078036011329719,long_term/iTransformer/weather/NN/seq336_pred96/channel_metrics.csv
iTransformer,weather,NN,336,336,21,10,0.24922753577231474,0.285920422346819,long_term/iTransformer/weather/NN/seq336_pred336/channel_metrics.csv
iTransformer,weather,RN,96,96,21,10,0.18918967880918422,0.22841314785182476,long_term/iTransformer/weather/RN/seq96_pred96/channel_metrics.csv
iTransformer,weather,RN,96,336,21,10,0.2887977529483448,0.30493304319679737,long_term/iTransformer/weather/RN/seq96_pred336/channel_metrics.csv
iTransformer,weather,RN,336,96,21,10,0.1601083935959087,0.21122690024120466,long_term/iTransformer/weather/RN/seq336_pred96/channel_metrics.csv
iTransformer,weather,RN,336,336,21,10,0.254984393896025,0.29161514226524604,long_term/iTransformer/weather/RN/seq336_pred336/channel_metrics.csv
iTransformer,weather,NR,96,96,21,10,0.18375238090742468,0.2257920437093292,long_term/iTransformer/weather/NR/seq96_pred96/channel_metrics.csv
iTransformer,weather,NR,96,336,21,10,0.2858673977648972,0.3028566696281944,long_term/iTransformer/weather/NR/seq96_pred336/channel_metrics.csv
iTransformer,weather,NR,336,96,21,10,0.16178879042577352,0.21129721057202136,long_term/iTransformer/weather/NR/seq336_pred96/channel_metrics.csv
iTransformer,weather,NR,336,336,21,10,0.2509303732908198,0.2862153112710941,long_term/iTransformer/weather/NR/seq336_pred336/channel_metrics.csv
iTransformer,weather,RR,96,96,21,10,0.19018562707406955,0.22909069371720156,long_term/iTransformer/weather/RR/seq96_pred96/channel_metrics.csv
iTransformer,weather,RR,96,336,21,10,0.28773530031875927,0.3038888220630941,long_term/iTransformer/weather/RR/seq96_pred336/channel_metrics.csv
iTransformer,weather,RR,336,96,21,10,0.16091396842828196,0.2118710404528039,long_term/iTransformer/weather/RR/seq336_pred96/channel_metrics.csv
iTransformer,weather,RR,336,336,21,10,0.2515420073759742,0.2889182482446943,long_term/iTransformer/weather/RR/seq336_pred336/channel_metrics.csv
iTransformer,illness,NN,96,96,7,3,3.121242880821228,1.2399153198514665,long_term/iTransformer/illness/NN/seq96_pred96/channel_metrics.csv
iTransformer,illness,NN,336,96,7,3,4.088635155132839,1.4177651149885995,long_term/iTransformer/illness/NN/seq336_pred96/channel_metrics.csv
iTransformer,illness,RN,96,96,7,3,3.3172370195388794,1.2718225802694048,long_term/iTransformer/illness/RN/seq96_pred96/channel_metrics.csv
iTransformer,illness,RN,336,96,7,3,4.278720600264413,1.4433675834110804,long_term/iTransformer/illness/RN/seq336_pred96/channel_metrics.csv
iTransformer,illness,NR,96,96,7,3,2.5684313092912947,1.2465987035206385,long_term/iTransformer/illness/NR/seq96_pred96/channel_metrics.csv
iTransformer,illness,NR,336,96,7,3,2.4384104864937917,1.1710233432906014,long_term/iTransformer/illness/NR/seq336_pred96/channel_metrics.csv
iTransformer,illness,RR,96,96,7,3,2.5003799540655955,1.2188099878174918,long_term/iTransformer/illness/RR/seq96_pred96/channel_metrics.csv
iTransformer,illness,RR,336,96,7,3,2.3913926652499606,1.1419405681746346,long_term/iTransformer/illness/RR/seq336_pred96/channel_metrics.csv
PatchTST,ETTh1,NN,96,96,7,3,0.38049555303794996,0.40239158272743225,long_term/PatchTST/ETTh1/NN/seq96_pred96/channel_metrics.csv
PatchTST,ETTh1,NN,96,336,7,3,0.46740590780973434,0.45699770748615265,long_term/PatchTST/ETTh1/NN/seq96_pred336/channel_metrics.csv
PatchTST,ETTh1,NN,336,96,7,3,0.3948499123964991,0.41742532168115887,long_term/PatchTST/ETTh1/NN/seq336_pred96/channel_metrics.csv
PatchTST,ETTh1,NN,336,336,7,3,0.5653889317597661,0.5256584414413997,long_term/PatchTST/ETTh1/NN/seq336_pred336/channel_metrics.csv
PatchTST,ETTh1,RN,96,96,7,3,0.38206362245338304,0.403216085263661,long_term/PatchTST/ETTh1/RN/seq96_pred96/channel_metrics.csv
PatchTST,ETTh1,RN,96,336,7,3,0.4674098332013403,0.45595417065279825,long_term/PatchTST/ETTh1/RN/seq96_pred336/channel_metrics.csv
PatchTST,ETTh1,RN,336,96,7,3,0.390642593481711,0.41435942479542326,long_term/PatchTST/ETTh1/RN/seq336_pred96/channel_metrics.csv
PatchTST,ETTh1,RN,336,336,7,3,0.5536920055747032,0.51298374576228,long_term/PatchTST/ETTh1/RN/seq336_pred336/channel_metrics.csv
PatchTST,ETTh1,NR,96,96,7,3,0.38334073019879206,0.4044724064213889,long_term/PatchTST/ETTh1/NR/seq96_pred96/channel_metrics.csv
PatchTST,ETTh1,NR,96,336,7,3,0.4757858578647886,0.46616819500923157,long_term/PatchTST/ETTh1/NR/seq96_pred336/channel_metrics.csv
PatchTST,ETTh1,NR,336,96,7,3,0.3952975773385593,0.4201287499495915,long_term/PatchTST/ETTh1/NR/seq336_pred96/channel_metrics.csv
PatchTST,ETTh1,NR,336,336,7,3,0.584550638284002,0.5399034512894494,long_term/PatchTST/ETTh1/NR/seq336_pred336/channel_metrics.csv
PatchTST,ETTh1,RR,96,96,7,3,0.3810541384986469,0.40271104659352985,long_term/PatchTST/ETTh1/RR/seq96_pred96/channel_metrics.csv
PatchTST,ETTh1,RR,96,336,7,3,0.4633086227944919,0.45417810550757814,long_term/PatchTST/ETTh1/RR/seq96_pred336/channel_metrics.csv
PatchTST,ETTh1,RR,336,96,7,3,0.38677777190293583,0.41368153052670614,long_term/PatchTST/ETTh1/RR/seq336_pred96/channel_metrics.csv
PatchTST,ETTh1,RR,336,336,7,3,0.5353173805134637,0.5044356690985816,long_term/PatchTST/ETTh1/RR/seq336_pred336/channel_metrics.csv
PatchTST,ETTh2,NN,96,96,7,3,0.29218763392418623,0.345274133341653,long_term/PatchTST/ETTh2/NN/seq96_pred96/channel_metrics.csv
PatchTST,ETTh2,NN,96,336,7,3,0.4208697857601302,0.43475464625017984,long_term/PatchTST/ETTh2/NN/seq96_pred336/channel_metrics.csv
PatchTST,ETTh2,NN,336,96,7,3,0.320784224995545,0.3705423293369157,long_term/PatchTST/ETTh2/NN/seq336_pred96/channel_metrics.csv
PatchTST,ETTh2,NN,336,336,7,3,0.4088095471795116,0.4351467660495213,long_term/PatchTST/ETTh2/NN/seq336_pred336/channel_metrics.csv
PatchTST,ETTh2,RN,96,96,7,3,0.3023794908076525,0.3526653189744268,long_term/PatchTST/ETTh2/RN/seq96_pred96/channel_metrics.csv
PatchTST,ETTh2,RN,96,336,7,3,0.4187597595155239,0.4297702206032617,long_term/PatchTST/ETTh2/RN/seq96_pred336/channel_metrics.csv
PatchTST,ETTh2,RN,336,96,7,3,0.30319517997226547,0.3584568351507187,long_term/PatchTST/ETTh2/RN/seq336_pred96/channel_metrics.csv
PatchTST,ETTh2,RN,336,336,7,3,0.40610211555446896,0.42966904810496737,long_term/PatchTST/ETTh2/RN/seq336_pred336/channel_metrics.csv
PatchTST,ETTh2,NR,96,96,7,3,0.29267206255878714,0.34697604711566654,long_term/PatchTST/ETTh2/NR/seq96_pred96/channel_metrics.csv
PatchTST,ETTh2,NR,96,336,7,3,0.4103769561541932,0.43029881375176565,long_term/PatchTST/ETTh2/NR/seq96_pred336/channel_metrics.csv
PatchTST,ETTh2,NR,336,96,7,3,0.3055625483393669,0.3635020841445242,long_term/PatchTST/ETTh2/NR/seq336_pred96/channel_metrics.csv
PatchTST,ETTh2,NR,336,336,7,3,0.4125339785324676,0.4367073178291321,long_term/PatchTST/ETTh2/NR/seq336_pred336/channel_metrics.csv
PatchTST,ETTh2,RR,96,96,7,3,0.3011929922338043,0.3521862466420446,long_term/PatchTST/ETTh2/RR/seq96_pred96/channel_metrics.csv
PatchTST,ETTh2,RR,96,336,7,3,0.41004725279552595,0.4273564964532852,long_term/PatchTST/ETTh2/RR/seq96_pred336/channel_metrics.csv
PatchTST,ETTh2,RR,336,96,7,3,0.2819186570122838,0.3467568691287722,long_term/PatchTST/ETTh2/RR/seq336_pred96/channel_metrics.csv
PatchTST,ETTh2,RR,336,336,7,3,0.3757220919110945,0.4119907798511641,long_term/PatchTST/ETTh2/RR/seq336_pred336/channel_metrics.csv
PatchTST,ETTm1,NN,96,96,7,3,0.3262595811060497,0.3673998202596392,long_term/PatchTST/ETTm1/NN/seq96_pred96/channel_metrics.csv
PatchTST,ETTm1,NN,96,336,7,3,0.3947639305676733,0.4092354817049844,long_term/PatchTST/ETTm1/NN/seq96_pred336/channel_metrics.csv
PatchTST,ETTm1,NN,336,96,7,3,0.2979803311505488,0.34884996499334064,long_term/PatchTST/ETTm1/NN/seq336_pred96/channel_metrics.csv
PatchTST,ETTm1,NN,336,336,7,3,0.38092147771801266,0.4041141016142709,long_term/PatchTST/ETTm1/NN/seq336_pred336/channel_metrics.csv
PatchTST,ETTm1,RN,96,96,7,3,0.3462748958596161,0.37619684849466595,long_term/PatchTST/ETTm1/RN/seq96_pred96/channel_metrics.csv
PatchTST,ETTm1,RN,96,336,7,3,0.40879771592361586,0.4173103464501245,long_term/PatchTST/ETTm1/RN/seq96_pred336/channel_metrics.csv
PatchTST,ETTm1,RN,336,96,7,3,0.29705652967095375,0.35225302619593485,long_term/PatchTST/ETTm1/RN/seq336_pred96/channel_metrics.csv
PatchTST,ETTm1,RN,336,336,7,3,0.3856532850435802,0.40755463923726765,long_term/PatchTST/ETTm1/RN/seq336_pred336/channel_metrics.csv
PatchTST,ETTm1,NR,96,96,7,3,0.3372157620532172,0.37337355954306467,long_term/PatchTST/ETTm1/NR/seq96_pred96/channel_metrics.csv
PatchTST,ETTm1,NR,96,336,7,3,0.4227587559393474,0.41838502671037403,long_term/PatchTST/ETTm1/NR/seq96_pred336/channel_metrics.csv
PatchTST,ETTm1,NR,336,96,7,3,0.28123578668705057,0.3425711350781577,long_term/PatchTST/ETTm1/NR/seq336_pred96/channel_metrics.csv
PatchTST,ETTm1,NR,336,336,7,3,0.35499888179557665,0.3955112653119223,long_term/PatchTST/ETTm1/NR/seq336_pred336/channel_metrics.csv
PatchTST,ETTm1,RR,96,96,7,3,0.3205508850514889,0.3618866928986141,long_term/PatchTST/ETTm1/RR/seq96_pred96/channel_metrics.csv
PatchTST,ETTm1,RR,96,336,7,3,0.39233452347772463,0.4058556024517332,long_term/PatchTST/ETTm1/RR/seq96_pred336/channel_metrics.csv
PatchTST,ETTm1,RR,336,96,7,3,0.2793808989226818,0.3421408640486853,long_term/PatchTST/ETTm1/RR/seq336_pred96/channel_metrics.csv
PatchTST,ETTm1,RR,336,336,7,3,0.3637927195855549,0.39751940539905,long_term/PatchTST/ETTm1/RR/seq336_pred336/channel_metrics.csv
PatchTST,ETTm2,NN,96,96,7,3,0.17920038955552234,0.26202473470142906,long_term/PatchTST/ETTm2/NN/seq96_pred96/channel_metrics.csv
PatchTST,ETTm2,NN,96,336,7,3,0.31067748993102995,0.3489583879709244,long_term/PatchTST/ETTm2/NN/seq96_pred336/channel_metrics.csv
PatchTST,ETTm2,NN,336,96,7,3,0.1797384577138083,0.26583332461970194,long_term/PatchTST/ETTm2/NN/seq336_pred96/channel_metrics.csv
PatchTST,ETTm2,NN,336,336,7,3,0.29102965391107966,0.3487024466906275,long_term/PatchTST/ETTm2/NN/seq336_pred336/channel_metrics.csv
PatchTST,ETTm2,RN,96,96,7,3,0.1795771466568112,0.2656416584338461,long_term/PatchTST/ETTm2/RN/seq96_pred96/channel_metrics.csv
PatchTST,ETTm2,RN,96,336,7,3,0.3150932416319847,0.35542459040880203,long_term/PatchTST/ETTm2/RN/seq96_pred336/channel_metrics.csv
PatchTST,ETTm2,RN,336,96,7,3,0.17723270758454288,0.26344133115240503,long_term/PatchTST/ETTm2/RN/seq336_pred96/channel_metrics.csv
PatchTST,ETTm2,RN,336,336,7,3,0.3006068394918527,0.34982909900801523,long_term/PatchTST/ETTm2/RN/seq336_pred336/channel_metrics.csv
PatchTST,ETTm2,NR,96,96,7,3,0.18387924434084976,0.26804929758821217,long_term/PatchTST/ETTm2/NR/seq96_pred96/channel_metrics.csv
PatchTST,ETTm2,NR,96,336,7,3,0.3088346931285092,0.35074660394872936,long_term/PatchTST/ETTm2/NR/seq96_pred336/channel_metrics.csv
PatchTST,ETTm2,NR,336,96,7,3,0.1783655903169087,0.2678401108298983,long_term/PatchTST/ETTm2/NR/seq336_pred96/channel_metrics.csv
PatchTST,ETTm2,NR,336,336,7,3,0.2937967889010906,0.35177453394447056,long_term/PatchTST/ETTm2/NR/seq336_pred336/channel_metrics.csv
PatchTST,ETTm2,RR,96,96,7,3,0.17892795308892212,0.2646737684096609,long_term/PatchTST/ETTm2/RR/seq96_pred96/channel_metrics.csv
PatchTST,ETTm2,RR,96,336,7,3,0.313557147447552,0.35407510825565885,long_term/PatchTST/ETTm2/RR/seq96_pred336/channel_metrics.csv
PatchTST,ETTm2,RR,336,96,7,3,0.17694615878696948,0.26719061711004805,long_term/PatchTST/ETTm2/RR/seq336_pred96/channel_metrics.csv
PatchTST,ETTm2,RR,336,336,7,3,0.29708287452480625,0.3495161533355713,long_term/PatchTST/ETTm2/RR/seq336_pred336/channel_metrics.csv
PatchTST,electricity,NN,96,96,321,160,0.18640747363503568,0.27562767430317425,long_term/PatchTST/electricity/NN/seq96_pred96/channel_metrics.csv
PatchTST,electricity,NN,96,336,321,160,0.20756377591289263,0.29753143306576063,long_term/PatchTST/electricity/NN/seq96_pred336/channel_metrics.csv
PatchTST,electricity,NN,336,96,321,160,0.13980682921627544,0.24202239920506313,long_term/PatchTST/electricity/NN/seq336_pred96/channel_metrics.csv
PatchTST,electricity,NN,336,336,321,160,0.17286484625275836,0.2732198919585581,long_term/PatchTST/electricity/NN/seq336_pred336/channel_metrics.csv
PatchTST,electricity,RN,96,96,321,160,0.187988091098398,0.27738253527006856,long_term/PatchTST/electricity/RN/seq96_pred96/channel_metrics.csv
PatchTST,electricity,RN,96,336,321,160,0.2082326533663444,0.29727824258282953,long_term/PatchTST/electricity/RN/seq96_pred336/channel_metrics.csv
PatchTST,electricity,RN,336,96,321,160,0.13963340338749677,0.2416780746651714,long_term/PatchTST/electricity/RN/seq336_pred96/channel_metrics.csv
PatchTST,electricity,RN,336,336,321,160,0.17267820256136854,0.2727294347578634,long_term/PatchTST/electricity/RN/seq336_pred336/channel_metrics.csv
PatchTST,electricity,NR,96,96,321,160,0.18951993541325635,0.2805862984104326,long_term/PatchTST/electricity/NR/seq96_pred96/channel_metrics.csv
PatchTST,electricity,NR,96,336,321,160,0.21041705536016486,0.30167935200416734,long_term/PatchTST/electricity/NR/seq96_pred336/channel_metrics.csv
PatchTST,electricity,NR,336,96,321,160,0.1348839708705472,0.2413267783663414,long_term/PatchTST/electricity/NR/seq336_pred96/channel_metrics.csv
PatchTST,electricity,NR,336,336,321,160,0.16896222868864574,0.2736566454863736,long_term/PatchTST/electricity/NR/seq336_pred336/channel_metrics.csv
PatchTST,electricity,RR,96,96,321,160,0.18593643009955177,0.2766196833815748,long_term/PatchTST/electricity/RR/seq96_pred96/channel_metrics.csv
PatchTST,electricity,RR,96,336,321,160,0.2076475365979174,0.29770841116101604,long_term/PatchTST/electricity/RR/seq96_pred336/channel_metrics.csv
PatchTST,electricity,RR,336,96,321,160,0.13325323730052896,0.23914290719856984,long_term/PatchTST/electricity/RR/seq336_pred96/channel_metrics.csv
PatchTST,electricity,RR,336,336,321,160,0.1672865309538524,0.27158676113605473,long_term/PatchTST/electricity/RR/seq336_pred336/channel_metrics.csv
PatchTST,exchange_rate,NN,96,96,8,4,0.08684194670058783,0.20485043479129666,long_term/PatchTST/exchange_rate/NN/seq96_pred96/channel_metrics.csv
PatchTST,exchange_rate,NN,96,336,8,4,0.3427419913932681,0.4248649477958679,long_term/PatchTST/exchange_rate/NN/seq96_pred336/channel_metrics.csv
PatchTST,exchange_rate,NN,336,96,8,4,0.10406861407682297,0.2276971163228154,long_term/PatchTST/exchange_rate/NN/seq336_pred96/channel_metrics.csv
PatchTST,exchange_rate,NN,336,336,8,4,0.34312196797691286,0.43047342356294394,long_term/PatchTST/exchange_rate/NN/seq336_pred336/channel_metrics.csv
PatchTST,exchange_rate,RN,96,96,8,4,0.08055789303034538,0.19886112492531532,long_term/PatchTST/exchange_rate/RN/seq96_pred96/channel_metrics.csv
PatchTST,exchange_rate,RN,96,336,8,4,0.3150125970132649,0.4078235328197479,long_term/PatchTST/exchange_rate/RN/seq96_pred336/channel_metrics.csv
PatchTST,exchange_rate,RN,336,96,8,4,0.10220763483084734,0.22761942911893127,long_term/PatchTST/exchange_rate/RN/seq336_pred96/channel_metrics.csv
PatchTST,exchange_rate,RN,336,336,8,4,0.36305335117504,0.442929501645267,long_term/PatchTST/exchange_rate/RN/seq336_pred336/channel_metrics.csv
PatchTST,exchange_rate,NR,96,96,8,4,0.08665965963155026,0.20573139470070598,long_term/PatchTST/exchange_rate/NR/seq96_pred96/channel_metrics.csv
PatchTST,exchange_rate,NR,96,336,8,4,0.32582151237875223,0.4130382761359215,long_term/PatchTST/exchange_rate/NR/seq96_pred336/channel_metrics.csv
PatchTST,exchange_rate,NR,336,96,8,4,0.11161191249266264,0.23554898146539924,long_term/PatchTST/exchange_rate/NR/seq336_pred96/channel_metrics.csv
PatchTST,exchange_rate,NR,336,336,8,4,0.3786440712865442,0.43734345491975546,long_term/PatchTST/exchange_rate/NR/seq336_pred336/channel_metrics.csv
PatchTST,exchange_rate,RR,96,96,8,4,0.08664070116356012,0.2040544780902564,long_term/PatchTST/exchange_rate/RR/seq96_pred96/channel_metrics.csv
PatchTST,exchange_rate,RR,96,336,8,4,0.32968153478577733,0.41319633461534977,long_term/PatchTST/exchange_rate/RR/seq96_pred336/channel_metrics.csv
PatchTST,exchange_rate,RR,336,96,8,4,0.10722319572232661,0.22896235901862383,long_term/PatchTST/exchange_rate/RR/seq336_pred96/channel_metrics.csv
PatchTST,exchange_rate,RR,336,336,8,4,0.41733967093750834,0.4597102729603648,long_term/PatchTST/exchange_rate/RR/seq336_pred336/channel_metrics.csv
PatchTST,weather,NN,96,96,21,10,0.1760680790397427,0.21743961281719656,long_term/PatchTST/weather/NN/seq96_pred96/channel_metrics.csv
PatchTST,weather,NN,96,336,21,10,0.27856578846140545,0.2988364405575253,long_term/PatchTST/weather/NN/seq96_pred336/channel_metrics.csv
PatchTST,weather,NN,336,96,21,10,0.1512167684379078,0.20002231720302785,long_term/PatchTST/weather/NN/seq336_pred96/channel_metrics.csv
PatchTST,weather,NN,336,336,21,10,0.2484867357610104,0.284229053627877,long_term/PatchTST/weather/NN/seq336_pred336/channel_metrics.csv
PatchTST,weather,RN,96,96,21,10,0.1755486499501525,0.2169536015994492,long_term/PatchTST/weather/RN/seq96_pred96/channel_metrics.csv
PatchTST,weather,RN,96,336,21,10,0.27810797816796584,0.29738881651844296,long_term/PatchTST/weather/RN/seq96_pred336/channel_metrics.csv
PatchTST,weather,RN,336,96,21,10,0.14907182052376722,0.19821002485141864,long_term/PatchTST/weather/RN/seq336_pred96/channel_metrics.csv
PatchTST,weather,RN,336,336,21,10,0.2435740798828192,0.2800069439801432,long_term/PatchTST/weather/RN/seq336_pred336/channel_metrics.csv
PatchTST,weather,NR,96,96,21,10,0.17607908516046814,0.21737510471471713,long_term/PatchTST/weather/NR/seq96_pred96/channel_metrics.csv
PatchTST,weather,NR,96,336,21,10,0.2781261646305211,0.29812706634402275,long_term/PatchTST/weather/NR/seq96_pred336/channel_metrics.csv
PatchTST,weather,NR,336,96,21,10,0.15080100779942723,0.1992714500852993,long_term/PatchTST/weather/NR/seq336_pred96/channel_metrics.csv
PatchTST,weather,NR,336,336,21,10,0.24637491616054571,0.2835816158247845,long_term/PatchTST/weather/NR/seq336_pred336/channel_metrics.csv
PatchTST,weather,RR,96,96,21,10,0.17578477008334759,0.21722843879390327,long_term/PatchTST/weather/RR/seq96_pred96/channel_metrics.csv
PatchTST,weather,RR,96,336,21,10,0.2774439871760218,0.2965444338818391,long_term/PatchTST/weather/RR/seq96_pred336/channel_metrics.csv
PatchTST,weather,RR,336,96,21,10,0.15097362342722978,0.2005984604890857,long_term/PatchTST/weather/RR/seq336_pred96/channel_metrics.csv
PatchTST,weather,RR,336,336,21,10,0.24213079617281133,0.27969908714294434,long_term/PatchTST/weather/RR/seq336_pred336/channel_metrics.csv
PatchTST,illness,NN,96,96,7,3,2.207399368286133,0.9998290368488857,long_term/PatchTST/illness/NN/seq96_pred96/channel_metrics.csv
PatchTST,illness,NN,336,96,7,3,3.7014455454690114,1.3502625226974487,long_term/PatchTST/illness/NN/seq336_pred96/channel_metrics.csv
PatchTST,illness,RN,96,96,7,3,2.5442090800830295,1.0666954687663488,long_term/PatchTST/illness/RN/seq96_pred96/channel_metrics.csv
PatchTST,illness,RN,336,96,7,3,3.7070833955492293,1.3090748872075761,long_term/PatchTST/illness/RN/seq336_pred96/channel_metrics.csv
PatchTST,illness,NR,96,96,7,3,1.9753706114632743,1.0583354064396449,long_term/PatchTST/illness/NR/seq96_pred96/channel_metrics.csv
PatchTST,illness,NR,336,96,7,3,2.1009755304881503,1.1084078550338745,long_term/PatchTST/illness/NR/seq336_pred96/channel_metrics.csv
PatchTST,illness,RR,96,96,7,3,1.9097416230610438,1.0255810618400574,long_term/PatchTST/illness/RR/seq96_pred96/channel_metrics.csv
PatchTST,illness,RR,336,96,7,3,1.9043387940951757,1.0137223260743278,long_term/PatchTST/illness/RR/seq336_pred96/channel_metrics.csv
TimesNet,ETTh1,NN,96,96,7,3,0.3889973812869617,0.41198966971465517,long_term/TimesNet/ETTh1/NN/seq96_pred96/channel_metrics.csv
TimesNet,ETTh1,NN,96,336,7,3,0.49396052743707386,0.47094365315777914,long_term/TimesNet/ETTh1/NN/seq96_pred336/channel_metrics.csv
TimesNet,ETTh1,NN,336,96,7,3,0.42297991790941786,0.43724341690540314,long_term/TimesNet/ETTh1/NN/seq336_pred96/channel_metrics.csv
TimesNet,ETTh1,NN,336,336,7,3,0.48854826922927586,0.4780366207872118,long_term/TimesNet/ETTh1/NN/seq336_pred336/channel_metrics.csv
TimesNet,ETTh1,RN,96,96,7,3,0.4911922972117151,0.4847832854304995,long_term/TimesNet/ETTh1/RN/seq96_pred96/channel_metrics.csv
TimesNet,ETTh1,RN,96,336,7,3,0.6131053056035723,0.5474121442862919,long_term/TimesNet/ETTh1/RN/seq96_pred336/channel_metrics.csv
TimesNet,ETTh1,RN,336,96,7,3,0.581427062196391,0.5432342823062625,long_term/TimesNet/ETTh1/RN/seq336_pred96/channel_metrics.csv
TimesNet,ETTh1,RN,336,336,7,3,0.7182149599705424,0.6126147253172738,long_term/TimesNet/ETTh1/RN/seq336_pred336/channel_metrics.csv
TimesNet,ETTh1,NR,96,96,7,3,0.5323759583490235,0.5031003313405173,long_term/TimesNet/ETTh1/NR/seq96_pred96/channel_metrics.csv
TimesNet,ETTh1,NR,96,336,7,3,0.5931671911052295,0.5285750031471252,long_term/TimesNet/ETTh1/NR/seq96_pred336/channel_metrics.csv
TimesNet,ETTh1,NR,336,96,7,3,0.5380918000425611,0.531691883291517,long_term/TimesNet/ETTh1/NR/seq336_pred96/channel_metrics.csv
TimesNet,ETTh1,NR,336,336,7,3,0.6671165653637477,0.581960956965174,long_term/TimesNet/ETTh1/NR/seq336_pred336/channel_metrics.csv
TimesNet,ETTh1,RR,96,96,7,3,0.4353517996413367,0.446137792297772,long_term/TimesNet/ETTh1/RR/seq96_pred96/channel_metrics.csv
TimesNet,ETTh1,RR,96,336,7,3,0.5121109049235072,0.48459365538188387,long_term/TimesNet/ETTh1/RR/seq96_pred336/channel_metrics.csv
TimesNet,ETTh1,RR,336,96,7,3,0.4542818282331739,0.46262953111103605,long_term/TimesNet/ETTh1/RR/seq336_pred96/channel_metrics.csv
TimesNet,ETTh1,RR,336,336,7,3,0.4848972463182041,0.47880772607667105,long_term/TimesNet/ETTh1/RR/seq336_pred336/channel_metrics.csv
TimesNet,ETTh2,NN,96,96,7,3,0.32924270004566225,0.37021139157669886,long_term/TimesNet/ETTh2/NN/seq96_pred96/channel_metrics.csv
TimesNet,ETTh2,NN,96,336,7,3,0.47066160078559605,0.46763828716107775,long_term/TimesNet/ETTh2/NN/seq96_pred336/channel_metrics.csv
TimesNet,ETTh2,NN,336,96,7,3,0.3471853600016662,0.4015830435923168,long_term/TimesNet/ETTh2/NN/seq336_pred96/channel_metrics.csv
TimesNet,ETTh2,NN,336,336,7,3,0.38108029934976784,0.42504237592220306,long_term/TimesNet/ETTh2/NN/seq336_pred336/channel_metrics.csv
TimesNet,ETTh2,RN,96,96,7,3,0.3771927375346422,0.4026380181312561,long_term/TimesNet/ETTh2/RN/seq96_pred96/channel_metrics.csv
TimesNet,ETTh2,RN,96,336,7,3,0.48728202283382416,0.4763229031647955,long_term/TimesNet/ETTh2/RN/seq96_pred336/channel_metrics.csv
TimesNet,ETTh2,RN,336,96,7,3,0.3803073883588825,0.42634413710662294,long_term/TimesNet/ETTh2/RN/seq336_pred96/channel_metrics.csv
TimesNet,ETTh2,RN,336,336,7,3,0.41060659954590456,0.44492812774011065,long_term/TimesNet/ETTh2/RN/seq336_pred336/channel_metrics.csv
TimesNet,ETTh2,NR,96,96,7,3,0.378666686426316,0.4076479311500277,long_term/TimesNet/ETTh2/NR/seq96_pred96/channel_metrics.csv
TimesNet,ETTh2,NR,96,336,7,3,0.47134247874575,0.47149488436324255,long_term/TimesNet/ETTh2/NR/seq96_pred336/channel_metrics.csv
TimesNet,ETTh2,NR,336,96,7,3,0.3947306424379349,0.43220785579511095,long_term/TimesNet/ETTh2/NR/seq336_pred96/channel_metrics.csv
TimesNet,ETTh2,NR,336,336,7,3,0.39723068103194237,0.4398675316146442,long_term/TimesNet/ETTh2/NR/seq336_pred336/channel_metrics.csv
TimesNet,ETTh2,RR,96,96,7,3,0.3270319141447544,0.37162202277353834,long_term/TimesNet/ETTh2/RR/seq96_pred96/channel_metrics.csv
TimesNet,ETTh2,RR,96,336,7,3,0.45487712642976214,0.4620297849178314,long_term/TimesNet/ETTh2/RR/seq96_pred336/channel_metrics.csv
TimesNet,ETTh2,RR,336,96,7,3,0.3262288498559168,0.3922243820769446,long_term/TimesNet/ETTh2/RR/seq336_pred96/channel_metrics.csv
TimesNet,ETTh2,RR,336,336,7,3,0.3979621191642114,0.4311337321996689,long_term/TimesNet/ETTh2/RR/seq336_pred336/channel_metrics.csv
TimesNet,ETTm1,NN,96,96,7,3,0.34372611929263386,0.38157823256083895,long_term/TimesNet/ETTm1/NN/seq96_pred96/channel_metrics.csv
TimesNet,ETTm1,NN,96,336,7,3,0.4264464027115277,0.4286609100443976,long_term/TimesNet/ETTm1/NN/seq96_pred336/channel_metrics.csv
TimesNet,ETTm1,NN,336,96,7,3,0.3174230951283659,0.368618335042681,long_term/TimesNet/ETTm1/NN/seq336_pred96/channel_metrics.csv
TimesNet,ETTm1,NN,336,336,7,3,0.3874773234128952,0.41484806154455456,long_term/TimesNet/ETTm1/NN/seq336_pred336/channel_metrics.csv
TimesNet,ETTm1,RN,96,96,7,3,0.3755394497088024,0.4037850775888988,long_term/TimesNet/ETTm1/RN/seq96_pred96/channel_metrics.csv
TimesNet,ETTm1,RN,96,336,7,3,0.43036765658429693,0.4344224078314645,long_term/TimesNet/ETTm1/RN/seq96_pred336/channel_metrics.csv
TimesNet,ETTm1,RN,336,96,7,3,0.34872997871467043,0.39054502972534727,long_term/TimesNet/ETTm1/RN/seq336_pred96/channel_metrics.csv
TimesNet,ETTm1,RN,336,336,7,3,0.45059837294476374,0.45278826568807873,long_term/TimesNet/ETTm1/RN/seq336_pred336/channel_metrics.csv
TimesNet,ETTm1,NR,96,96,7,3,0.37595460936427116,0.4044072542871748,long_term/TimesNet/ETTm1/NR/seq96_pred96/channel_metrics.csv
TimesNet,ETTm1,NR,96,336,7,3,0.4603628803576742,0.4481077790260315,long_term/TimesNet/ETTm1/NR/seq96_pred336/channel_metrics.csv
TimesNet,ETTm1,NR,336,96,7,3,0.38667091940130505,0.41563337402684347,long_term/TimesNet/ETTm1/NR/seq336_pred96/channel_metrics.csv
TimesNet,ETTm1,NR,336,336,7,3,0.5552635996469429,0.4798436037131718,long_term/TimesNet/ETTm1/NR/seq336_pred336/channel_metrics.csv
TimesNet,ETTm1,RR,96,96,7,3,0.367026508386646,0.3949992550270898,long_term/TimesNet/ETTm1/RR/seq96_pred96/channel_metrics.csv
TimesNet,ETTm1,RR,96,336,7,3,0.43126375121729715,0.43080011010169983,long_term/TimesNet/ETTm1/RR/seq96_pred336/channel_metrics.csv
TimesNet,ETTm1,RR,336,96,7,3,0.3918260857462883,0.4210157798869269,long_term/TimesNet/ETTm1/RR/seq336_pred96/channel_metrics.csv
TimesNet,ETTm1,RR,336,336,7,3,0.7041530523981366,0.5688132345676422,long_term/TimesNet/ETTm1/RR/seq336_pred336/channel_metrics.csv
TimesNet,ETTm2,NN,96,96,7,3,0.1854423335088151,0.2665053201573236,long_term/TimesNet/ETTm2/NN/seq96_pred96/channel_metrics.csv
TimesNet,ETTm2,NN,96,336,7,3,0.30804144458046984,0.34239458612033297,long_term/TimesNet/ETTm2/NN/seq96_pred336/channel_metrics.csv
TimesNet,ETTm2,NN,336,96,7,3,0.18566536437720058,0.27357197073953493,long_term/TimesNet/ETTm2/NN/seq336_pred96/channel_metrics.csv
TimesNet,ETTm2,NN,336,336,7,3,0.3061264662870338,0.3516882083245686,long_term/TimesNet/ETTm2/NN/seq336_pred336/channel_metrics.csv
TimesNet,ETTm2,RN,96,96,7,3,0.2395931953298194,0.31756710154669626,long_term/TimesNet/ETTm2/RN/seq96_pred96/channel_metrics.csv
TimesNet,ETTm2,RN,96,336,7,3,0.3547906234328236,0.38072945177555084,long_term/TimesNet/ETTm2/RN/seq96_pred336/channel_metrics.csv
TimesNet,ETTm2,RN,336,96,7,3,0.22090319750298346,0.30544353063617435,long_term/TimesNet/ETTm2/RN/seq336_pred96/channel_metrics.csv
TimesNet,ETTm2,RN,336,336,7,3,0.3800461841747165,0.39840023538896013,long_term/TimesNet/ETTm2/RN/seq336_pred336/channel_metrics.csv
TimesNet,ETTm2,NR,96,96,7,3,0.24775958420442684,0.3230171480349132,long_term/TimesNet/ETTm2/NR/seq96_pred96/channel_metrics.csv
TimesNet,ETTm2,NR,96,336,7,3,0.35874041209795643,0.388183699122497,long_term/TimesNet/ETTm2/NR/seq96_pred336/channel_metrics.csv
TimesNet,ETTm2,NR,336,96,7,3,0.21228567384449498,0.30410633449043545,long_term/TimesNet/ETTm2/NR/seq336_pred96/channel_metrics.csv
TimesNet,ETTm2,NR,336,336,7,3,0.3147307046289955,0.3607695060116904,long_term/TimesNet/ETTm2/NR/seq336_pred336/channel_metrics.csv
TimesNet,ETTm2,RR,96,96,7,3,0.18618719831907324,0.26715672069362234,long_term/TimesNet/ETTm2/RR/seq96_pred96/channel_metrics.csv
TimesNet,ETTm2,RR,96,336,7,3,0.3105241048282811,0.34579638285296305,long_term/TimesNet/ETTm2/RR/seq96_pred336/channel_metrics.csv
TimesNet,ETTm2,RR,336,96,7,3,0.21235418818624957,0.2997464473758425,long_term/TimesNet/ETTm2/RR/seq336_pred96/channel_metrics.csv
TimesNet,ETTm2,RR,336,336,7,3,0.3696155685133168,0.3947350765977587,long_term/TimesNet/ETTm2/RR/seq336_pred336/channel_metrics.csv
TimesNet,electricity,NN,96,96,321,160,0.2760836331642332,0.358535458095157,long_term/TimesNet/electricity/NN/seq96_pred96/channel_metrics.csv
TimesNet,electricity,NN,96,336,321,160,0.2961023546357811,0.37784318274650086,long_term/TimesNet/electricity/NN/seq96_pred336/channel_metrics.csv
TimesNet,electricity,NN,336,96,321,160,0.2653839658112863,0.3602631256380336,long_term/TimesNet/electricity/NN/seq336_pred96/channel_metrics.csv
TimesNet,electricity,NN,336,336,321,160,0.2946864417038262,0.3797958723662531,long_term/TimesNet/electricity/NN/seq336_pred336/channel_metrics.csv
TimesNet,electricity,RN,96,96,321,160,0.5281824372183405,0.5176891990207612,long_term/TimesNet/electricity/RN/seq96_pred96/channel_metrics.csv
TimesNet,electricity,RN,96,336,321,160,0.545311070958974,0.5351883522720827,long_term/TimesNet/electricity/RN/seq96_pred336/channel_metrics.csv
TimesNet,electricity,RN,336,96,321,160,0.5525560838922902,0.5379929535048854,long_term/TimesNet/electricity/RN/seq336_pred96/channel_metrics.csv
TimesNet,electricity,RN,336,336,321,160,0.537877898514247,0.531020861672458,long_term/TimesNet/electricity/RN/seq336_pred336/channel_metrics.csv
TimesNet,electricity,NR,96,96,321,160,1.0522057521121169,0.7729119804522423,long_term/TimesNet/electricity/NR/seq96_pred96/channel_metrics.csv
TimesNet,electricity,NR,96,336,321,160,1.1335416019437021,0.8271891139516595,long_term/TimesNet/electricity/NR/seq96_pred336/channel_metrics.csv
TimesNet,electricity,NR,336,96,321,160,0.9488333384325816,0.7356337892896905,long_term/TimesNet/electricity/NR/seq336_pred96/channel_metrics.csv
TimesNet,electricity,NR,336,336,321,160,1.145112889834339,0.8426772109374282,long_term/TimesNet/electricity/NR/seq336_pred336/channel_metrics.csv
TimesNet,electricity,RR,96,96,321,160,0.9997260287665592,0.772633990674712,long_term/TimesNet/electricity/RR/seq96_pred96/channel_metrics.csv
TimesNet,electricity,RR,96,336,321,160,0.9875653257014332,0.7737102363109183,long_term/TimesNet/electricity/RR/seq96_pred336/channel_metrics.csv
TimesNet,electricity,RR,336,96,321,160,0.8451981086876845,0.7158145524040619,long_term/TimesNet/electricity/RR/seq336_pred96/channel_metrics.csv
TimesNet,electricity,RR,336,336,321,160,0.9333623867935366,0.756050687993012,long_term/TimesNet/electricity/RR/seq336_pred336/channel_metrics.csv
TimesNet,exchange_rate,NN,96,96,8,4,0.10882178775500503,0.2366164484992623,long_term/TimesNet/exchange_rate/NN/seq96_pred96/channel_metrics.csv
TimesNet,exchange_rate,NN,96,336,8,4,0.3600831888616085,0.4387521091848612,long_term/TimesNet/exchange_rate/NN/seq96_pred336/channel_metrics.csv
TimesNet,exchange_rate,NN,336,96,8,4,0.17527672694996,0.305953036993742,long_term/TimesNet/exchange_rate/NN/seq336_pred96/channel_metrics.csv
TimesNet,exchange_rate,NN,336,336,8,4,0.45388033939525485,0.5183163387700915,long_term/TimesNet/exchange_rate/NN/seq336_pred336/channel_metrics.csv
TimesNet,exchange_rate,RN,96,96,8,4,0.11214229767210776,0.24225992243736982,long_term/TimesNet/exchange_rate/RN/seq96_pred96/channel_metrics.csv
TimesNet,exchange_rate,RN,96,336,8,4,0.33961993898265064,0.42686611972749233,long_term/TimesNet/exchange_rate/RN/seq96_pred336/channel_metrics.csv
TimesNet,exchange_rate,RN,336,96,8,4,0.19749706005677575,0.3307433994486928,long_term/TimesNet/exchange_rate/RN/seq336_pred96/channel_metrics.csv
TimesNet,exchange_rate,RN,336,336,8,4,0.45193527336232364,0.5037997914478183,long_term/TimesNet/exchange_rate/RN/seq336_pred336/channel_metrics.csv
TimesNet,exchange_rate,NR,96,96,8,4,0.11404166265856472,0.24501830898225305,long_term/TimesNet/exchange_rate/NR/seq96_pred96/channel_metrics.csv
TimesNet,exchange_rate,NR,96,336,8,4,0.3313359967432916,0.42474567517638206,long_term/TimesNet/exchange_rate/NR/seq96_pred336/channel_metrics.csv
TimesNet,exchange_rate,NR,336,96,8,4,0.2086067621130496,0.3381880456581712,long_term/TimesNet/exchange_rate/NR/seq336_pred96/channel_metrics.csv
TimesNet,exchange_rate,NR,336,336,8,4,0.4918839291203767,0.5206605680286884,long_term/TimesNet/exchange_rate/NR/seq336_pred336/channel_metrics.csv
TimesNet,exchange_rate,RR,96,96,8,4,0.11992339626885948,0.24943958781659598,long_term/TimesNet/exchange_rate/RR/seq96_pred96/channel_metrics.csv
TimesNet,exchange_rate,RR,96,336,8,4,0.34689817298203707,0.4344652034342289,long_term/TimesNet/exchange_rate/RR/seq96_pred336/channel_metrics.csv
TimesNet,exchange_rate,RR,336,96,8,4,0.20608725724741814,0.33850230649113655,long_term/TimesNet/exchange_rate/RR/seq336_pred96/channel_metrics.csv
TimesNet,exchange_rate,RR,336,336,8,4,0.5372583153657615,0.5435995496809483,long_term/TimesNet/exchange_rate/RR/seq336_pred336/channel_metrics.csv
TimesNet,weather,NN,96,96,21,10,0.17577574042315106,0.22542526227022916,long_term/TimesNet/weather/NN/seq96_pred96/channel_metrics.csv
TimesNet,weather,NN,96,336,21,10,0.28357869198468205,0.3057821914553642,long_term/TimesNet/weather/NN/seq96_pred336/channel_metrics.csv
TimesNet,weather,NN,336,96,21,10,0.17022141129598906,0.22902665925877436,long_term/TimesNet/weather/NN/seq336_pred96/channel_metrics.csv
TimesNet,weather,NN,336,336,21,10,0.2775683759966688,0.30783118884123506,long_term/TimesNet/weather/NN/seq336_pred336/channel_metrics.csv
TimesNet,weather,RN,96,96,21,10,0.20161727777892896,0.251965127974039,long_term/TimesNet/weather/RN/seq96_pred96/channel_metrics.csv
TimesNet,weather,RN,96,336,21,10,0.2986649404047057,0.31970470097093356,long_term/TimesNet/weather/RN/seq96_pred336/channel_metrics.csv
TimesNet,weather,RN,336,96,21,10,0.18834764659515627,0.24913073614949272,long_term/TimesNet/weather/RN/seq336_pred96/channel_metrics.csv
TimesNet,weather,RN,336,336,21,10,0.2969475608302413,0.31985681956367834,long_term/TimesNet/weather/RN/seq336_pred336/channel_metrics.csv
TimesNet,weather,NR,96,96,21,10,0.20924954240520796,0.2568453684271801,long_term/TimesNet/weather/NR/seq96_pred96/channel_metrics.csv
TimesNet,weather,NR,96,336,21,10,0.3030035240753066,0.3221420773438045,long_term/TimesNet/weather/NR/seq96_pred336/channel_metrics.csv
TimesNet,weather,NR,336,96,21,10,0.24436270678693073,0.2946414239704609,long_term/TimesNet/weather/NR/seq336_pred96/channel_metrics.csv
TimesNet,weather,NR,336,336,21,10,0.3464767695515461,0.35679901479965165,long_term/TimesNet/weather/NR/seq336_pred336/channel_metrics.csv
TimesNet,weather,RR,96,96,21,10,0.18757993210151436,0.2379609699405375,long_term/TimesNet/weather/RR/seq96_pred96/channel_metrics.csv
TimesNet,weather,RR,96,336,21,10,0.2869436688654657,0.308777957622494,long_term/TimesNet/weather/RR/seq96_pred336/channel_metrics.csv
TimesNet,weather,RR,336,96,21,10,0.184536044740872,0.24599682273609297,long_term/TimesNet/weather/RR/seq336_pred96/channel_metrics.csv
TimesNet,weather,RR,336,336,21,10,0.28679853908640024,0.32346991325418156,long_term/TimesNet/weather/RR/seq336_pred336/channel_metrics.csv
TimesNet,illness,NN,96,96,7,3,3.960887942995344,1.3586771147591727,long_term/TimesNet/illness/NN/seq96_pred96/channel_metrics.csv
TimesNet,illness,NN,336,96,7,3,4.632626329149518,1.501852239881243,long_term/TimesNet/illness/NN/seq336_pred96/channel_metrics.csv
TimesNet,illness,RN,96,96,7,3,4.838052409035819,1.5092806816101074,long_term/TimesNet/illness/RN/seq96_pred96/channel_metrics.csv
TimesNet,illness,RN,336,96,7,3,5.6296108450208395,1.6614381585802351,long_term/TimesNet/illness/RN/seq336_pred96/channel_metrics.csv
TimesNet,illness,NR,96,96,7,3,3.077839664050511,1.3179344534873962,long_term/TimesNet/illness/NR/seq96_pred96/channel_metrics.csv
TimesNet,illness,NR,336,96,7,3,3.0647554227284024,1.3457400798797607,long_term/TimesNet/illness/NR/seq336_pred96/channel_metrics.csv
TimesNet,illness,RR,96,96,7,3,3.6012326308659146,1.4225295441491264,long_term/TimesNet/illness/RR/seq96_pred96/channel_metrics.csv
TimesNet,illness,RR,336,96,7,3,2.997169188090733,1.2960858685629708,long_term/TimesNet/illness/RR/seq336_pred96/channel_metrics.csv
GRU,ETTh1,NN,96,96,7,3,0.42988606648785727,0.4420152242694582,long_term/GRU/ETTh1/NN/seq96_pred96/channel_metrics.csv
GRU,ETTh1,NN,96,336,7,3,0.7028083194579396,0.5729116797447205,long_term/GRU/ETTh1/NN/seq96_pred336/channel_metrics.csv
GRU,ETTh1,NN,336,96,7,3,0.4501305094787052,0.45497821271419525,long_term/GRU/ETTh1/NN/seq336_pred96/channel_metrics.csv
GRU,ETTh1,NN,336,336,7,3,0.7130884719746453,0.5853388373340879,long_term/GRU/ETTh1/NN/seq336_pred336/channel_metrics.csv
GRU,ETTh1,RN,96,96,7,3,0.527889293219362,0.4987986513546535,long_term/GRU/ETTh1/RN/seq96_pred96/channel_metrics.csv
GRU,ETTh1,RN,96,336,7,3,0.7148695268801281,0.5792459973267147,long_term/GRU/ETTh1/RN/seq96_pred336/channel_metrics.csv
GRU,ETTh1,RN,336,96,7,3,0.5119514773998942,0.5028975520815168,long_term/GRU/ETTh1/RN/seq336_pred96/channel_metrics.csv
GRU,ETTh1,RN,336,336,7,3,0.7152298997555461,0.5865440666675568,long_term/GRU/ETTh1/RN/seq336_pred336/channel_metrics.csv
GRU,ETTh1,NR,96,96,7,3,0.4893800105367388,0.48287334612437655,long_term/GRU/ETTh1/NR/seq96_pred96/channel_metrics.csv
GRU,ETTh1,NR,96,336,7,3,0.7093422753470284,0.5783598635877881,long_term/GRU/ETTh1/NR/seq96_pred336/channel_metrics.csv
GRU,ETTh1,NR,336,96,7,3,0.4994860866240093,0.4952070564031601,long_term/GRU/ETTh1/NR/seq336_pred96/channel_metrics.csv
GRU,ETTh1,NR,336,336,7,3,0.7182054040687423,0.5964266785553524,long_term/GRU/ETTh1/NR/seq336_pred336/channel_metrics.csv
GRU,ETTh1,RR,96,96,7,3,0.41363746459995,0.4340861290693283,long_term/GRU/ETTh1/RR/seq96_pred96/channel_metrics.csv
GRU,ETTh1,RR,96,336,7,3,0.7132633743541581,0.5800126918724605,long_term/GRU/ETTh1/RR/seq96_pred336/channel_metrics.csv
GRU,ETTh1,RR,336,96,7,3,0.43478283498968395,0.4506358802318573,long_term/GRU/ETTh1/RR/seq336_pred96/channel_metrics.csv
GRU,ETTh1,RR,336,336,7,3,0.7091145579304013,0.5884098836353847,long_term/GRU/ETTh1/RR/seq336_pred336/channel_metrics.csv
GRU,ETTh2,NN,96,96,7,3,0.37116074628595797,0.3964716132198061,long_term/GRU/ETTh2/NN/seq96_pred96/channel_metrics.csv
GRU,ETTh2,NN,96,336,7,3,0.4658331841762577,0.46078360293592724,long_term/GRU/ETTh2/NN/seq96_pred336/channel_metrics.csv
GRU,ETTh2,NN,336,96,7,3,0.3667749714638506,0.4208848103880882,long_term/GRU/ETTh2/NN/seq336_pred96/channel_metrics.csv
GRU,ETTh2,NN,336,336,7,3,0.42741140882883755,0.4541951684015138,long_term/GRU/ETTh2/NN/seq336_pred336/channel_metrics.csv
GRU,ETTh2,RN,96,96,7,3,0.36715496916856083,0.39777818428618567,long_term/GRU/ETTh2/RN/seq96_pred96/channel_metrics.csv
GRU,ETTh2,RN,96,336,7,3,0.469623649758952,0.46608272194862366,long_term/GRU/ETTh2/RN/seq96_pred336/channel_metrics.csv
GRU,ETTh2,RN,336,96,7,3,0.3945728875696659,0.43294356018304825,long_term/GRU/ETTh2/RN/seq336_pred96/channel_metrics.csv
GRU,ETTh2,RN,336,336,7,3,0.42154243242527756,0.4487794616392681,long_term/GRU/ETTh2/RN/seq336_pred336/channel_metrics.csv
GRU,ETTh2,NR,96,96,7,3,0.37843002498682055,0.4058560686452048,long_term/GRU/ETTh2/NR/seq96_pred96/channel_metrics.csv
GRU,ETTh2,NR,96,336,7,3,0.4931947886943817,0.4797370359301567,long_term/GRU/ETTh2/NR/seq96_pred336/channel_metrics.csv
GRU,ETTh2,NR,336,96,7,3,0.37056584576410906,0.423955432006291,long_term/GRU/ETTh2/NR/seq336_pred96/channel_metrics.csv
GRU,ETTh2,NR,336,336,7,3,0.40369321326059954,0.4394246084349496,long_term/GRU/ETTh2/NR/seq336_pred336/channel_metrics.csv
GRU,ETTh2,RR,96,96,7,3,0.35272105277648996,0.3926941986594881,long_term/GRU/ETTh2/RR/seq96_pred96/channel_metrics.csv
GRU,ETTh2,RR,96,336,7,3,0.4641644675284624,0.47051845490932465,long_term/GRU/ETTh2/RR/seq96_pred336/channel_metrics.csv
GRU,ETTh2,RR,336,96,7,3,0.38280521013907026,0.42664981207677294,long_term/GRU/ETTh2/RR/seq336_pred96/channel_metrics.csv
GRU,ETTh2,RR,336,336,7,3,0.39865223238510744,0.4378515960914748,long_term/GRU/ETTh2/RR/seq336_pred336/channel_metrics.csv
GRU,ETTm1,NN,96,96,7,3,0.3788973657148225,0.3978483591760908,long_term/GRU/ETTm1/NN/seq96_pred96/channel_metrics.csv
GRU,ETTm1,NN,96,336,7,3,0.4425933893237795,0.443566484110696,long_term/GRU/ETTm1/NN/seq96_pred336/channel_metrics.csv
GRU,ETTm1,NN,336,96,7,3,0.3953055111425264,0.41378745436668396,long_term/GRU/ETTm1/NN/seq336_pred96/channel_metrics.csv
GRU,ETTm1,NN,336,336,7,3,0.5025126359292439,0.4671078005007335,long_term/GRU/ETTm1/NN/seq336_pred336/channel_metrics.csv
GRU,ETTm1,RN,96,96,7,3,0.47820586604731424,0.4505341968366078,long_term/GRU/ETTm1/RN/seq96_pred96/channel_metrics.csv
GRU,ETTm1,RN,96,336,7,3,0.46368180055703434,0.4580992268664496,long_term/GRU/ETTm1/RN/seq96_pred336/channel_metrics.csv
GRU,ETTm1,RN,336,96,7,3,0.44877015692847116,0.4401609067405973,long_term/GRU/ETTm1/RN/seq336_pred96/channel_metrics.csv
GRU,ETTm1,RN,336,336,7,3,0.45099334684865816,0.4584975263902119,long_term/GRU/ETTm1/RN/seq336_pred336/channel_metrics.csv
GRU,ETTm1,NR,96,96,7,3,0.44226793040122303,0.44175618248326437,long_term/GRU/ETTm1/NR/seq96_pred96/channel_metrics.csv
GRU,ETTm1,NR,96,336,7,3,0.5089916576232228,0.4747461825609207,long_term/GRU/ETTm1/NR/seq96_pred336/channel_metrics.csv
GRU,ETTm1,NR,336,96,7,3,0.7043215999645847,0.5523027947970799,long_term/GRU/ETTm1/NR/seq336_pred96/channel_metrics.csv
GRU,ETTm1,NR,336,336,7,3,0.6815916502049991,0.5502344816923141,long_term/GRU/ETTm1/NR/seq336_pred336/channel_metrics.csv
GRU,ETTm1,RR,96,96,7,3,0.4213976923908506,0.418882925595556,long_term/GRU/ETTm1/RR/seq96_pred96/channel_metrics.csv
GRU,ETTm1,RR,96,336,7,3,0.44278317051274435,0.44000678403036936,long_term/GRU/ETTm1/RR/seq96_pred336/channel_metrics.csv
GRU,ETTm1,RR,336,96,7,3,0.5324044919439724,0.4942504550729479,long_term/GRU/ETTm1/RR/seq336_pred96/channel_metrics.csv
GRU,ETTm1,RR,336,336,7,3,0.5142092502542904,0.5003792239086968,long_term/GRU/ETTm1/RR/seq336_pred336/channel_metrics.csv
GRU,ETTm2,NN,96,96,7,3,0.1970949680544436,0.274296873914344,long_term/GRU/ETTm2/NN/seq96_pred96/channel_metrics.csv
GRU,ETTm2,NN,96,336,7,3,0.3318641358720405,0.36797922211033957,long_term/GRU/ETTm2/NN/seq96_pred336/channel_metrics.csv
GRU,ETTm2,NN,336,96,7,3,0.22278426235009516,0.30990853160619736,long_term/GRU/ETTm2/NN/seq336_pred96/channel_metrics.csv
GRU,ETTm2,NN,336,336,7,3,0.32347445176648243,0.3702295145818165,long_term/GRU/ETTm2/NN/seq336_pred336/channel_metrics.csv
GRU,ETTm2,RN,96,96,7,3,0.23064325177775963,0.3106186602796827,long_term/GRU/ETTm2/RN/seq96_pred96/channel_metrics.csv
GRU,ETTm2,RN,96,336,7,3,0.3468930103949138,0.37744329976184027,long_term/GRU/ETTm2/RN/seq96_pred336/channel_metrics.csv
GRU,ETTm2,RN,336,96,7,3,0.225509154942951,0.3135466213737215,long_term/GRU/ETTm2/RN/seq336_pred96/channel_metrics.csv
GRU,ETTm2,RN,336,336,7,3,0.33335263428411316,0.3775839975902012,long_term/GRU/ETTm2/RN/seq336_pred336/channel_metrics.csv
GRU,ETTm2,NR,96,96,7,3,0.24545339102457678,0.32124711466687067,long_term/GRU/ETTm2/NR/seq96_pred96/channel_metrics.csv
GRU,ETTm2,NR,96,336,7,3,0.33714968032602755,0.3728610468762262,long_term/GRU/ETTm2/NR/seq96_pred336/channel_metrics.csv
GRU,ETTm2,NR,336,96,7,3,0.2420958908540862,0.3287038973399571,long_term/GRU/ETTm2/NR/seq336_pred96/channel_metrics.csv
GRU,ETTm2,NR,336,336,7,3,0.3437183355646474,0.3857536571366446,long_term/GRU/ETTm2/NR/seq336_pred336/channel_metrics.csv
GRU,ETTm2,RR,96,96,7,3,0.1944693877760853,0.2773955283420427,long_term/GRU/ETTm2/RR/seq96_pred96/channel_metrics.csv
GRU,ETTm2,RR,96,336,7,3,0.33291733185095446,0.36991410170282635,long_term/GRU/ETTm2/RR/seq96_pred336/channel_metrics.csv
GRU,ETTm2,RR,336,96,7,3,0.22785081647868669,0.3176073187163898,long_term/GRU/ETTm2/RR/seq336_pred96/channel_metrics.csv
GRU,ETTm2,RR,336,336,7,3,0.36963216055716785,0.3960644028016499,long_term/GRU/ETTm2/RR/seq336_pred336/channel_metrics.csv
GRU,electricity,NN,96,96,321,160,0.2522524666448839,0.33321612492723046,long_term/GRU/electricity/NN/seq96_pred96/channel_metrics.csv
GRU,electricity,NN,96,336,321,160,0.8396443563240122,0.7509602097278252,long_term/GRU/electricity/NN/seq96_pred336/channel_metrics.csv
GRU,electricity,NN,336,96,321,160,0.2482180066152329,0.33616066359003827,long_term/GRU/electricity/NN/seq336_pred96/channel_metrics.csv
GRU,electricity,NN,336,336,321,160,0.8309573936435091,0.7476090567770909,long_term/GRU/electricity/NN/seq336_pred336/channel_metrics.csv
GRU,electricity,RN,96,96,321,160,0.6143165749684248,0.5483933436942527,long_term/GRU/electricity/RN/seq96_pred96/channel_metrics.csv
GRU,electricity,RN,96,336,321,160,0.8919527738985356,0.7710013100985297,long_term/GRU/electricity/RN/seq96_pred336/channel_metrics.csv
GRU,electricity,RN,336,96,321,160,0.6098941269243082,0.5468816159625256,long_term/GRU/electricity/RN/seq336_pred96/channel_metrics.csv
GRU,electricity,RN,336,336,321,160,0.8579860774474183,0.7653982756545874,long_term/GRU/electricity/RN/seq336_pred336/channel_metrics.csv
GRU,electricity,NR,96,96,321,160,1.192214212288614,0.7868430228763176,long_term/GRU/electricity/NR/seq96_pred96/channel_metrics.csv
GRU,electricity,NR,96,336,321,160,0.8667228923308853,0.7680801300313046,long_term/GRU/electricity/NR/seq96_pred336/channel_metrics.csv
GRU,electricity,NR,336,96,321,160,1.1370797649808997,0.7985695102070733,long_term/GRU/electricity/NR/seq336_pred96/channel_metrics.csv
GRU,electricity,NR,336,336,321,160,0.8610404809351063,0.7668221022001129,long_term/GRU/electricity/NR/seq336_pred336/channel_metrics.csv
GRU,electricity,RR,96,96,321,160,1.1037758236308925,0.782312152450295,long_term/GRU/electricity/RR/seq96_pred96/channel_metrics.csv
GRU,electricity,RR,96,336,321,160,0.9207820617202728,0.7806896040487815,long_term/GRU/electricity/RR/seq96_pred336/channel_metrics.csv
GRU,electricity,RR,336,96,321,160,1.0028647659050678,0.7583200629572805,long_term/GRU/electricity/RR/seq336_pred96/channel_metrics.csv
GRU,electricity,RR,336,336,321,160,1.1162347074489751,0.8201365084891465,long_term/GRU/electricity/RR/seq336_pred336/channel_metrics.csv
GRU,exchange_rate,NN,96,96,8,4,0.11922306730411944,0.2490668389946222,long_term/GRU/exchange_rate/NN/seq96_pred96/channel_metrics.csv
GRU,exchange_rate,NN,96,336,8,4,0.3805083711631596,0.4537729546427727,long_term/GRU/exchange_rate/NN/seq96_pred336/channel_metrics.csv
GRU,exchange_rate,NN,336,96,8,4,0.16565867792814964,0.31183652952313423,long_term/GRU/exchange_rate/NN/seq336_pred96/channel_metrics.csv
GRU,exchange_rate,NN,336,336,8,4,0.42681438685394824,0.4966636458411813,long_term/GRU/exchange_rate/NN/seq336_pred336/channel_metrics.csv
GRU,exchange_rate,RN,96,96,8,4,0.10533634084276851,0.23564560711383817,long_term/GRU/exchange_rate/RN/seq96_pred96/channel_metrics.csv
GRU,exchange_rate,RN,96,336,8,4,0.33253377629444003,0.4279526900500059,long_term/GRU/exchange_rate/RN/seq96_pred336/channel_metrics.csv
GRU,exchange_rate,RN,336,96,8,4,0.16849623061716554,0.310158459469676,long_term/GRU/exchange_rate/RN/seq336_pred96/channel_metrics.csv
GRU,exchange_rate,RN,336,336,8,4,0.4202236831188202,0.49505083449184895,long_term/GRU/exchange_rate/RN/seq336_pred336/channel_metrics.csv
GRU,exchange_rate,NR,96,96,8,4,0.1252091680653393,0.25517955143004656,long_term/GRU/exchange_rate/NR/seq96_pred96/channel_metrics.csv
GRU,exchange_rate,NR,96,336,8,4,0.3548924238421023,0.43980065174400806,long_term/GRU/exchange_rate/NR/seq96_pred336/channel_metrics.csv
GRU,exchange_rate,NR,336,96,8,4,0.21871474152430886,0.33745255321264267,long_term/GRU/exchange_rate/NR/seq336_pred96/channel_metrics.csv
GRU,exchange_rate,NR,336,336,8,4,0.47585360147058964,0.5196661110967398,long_term/GRU/exchange_rate/NR/seq336_pred336/channel_metrics.csv
GRU,exchange_rate,RR,96,96,8,4,0.11258193757385011,0.241944033652544,long_term/GRU/exchange_rate/RR/seq96_pred96/channel_metrics.csv
GRU,exchange_rate,RR,96,336,8,4,0.34753305185586214,0.4366326257586479,long_term/GRU/exchange_rate/RR/seq96_pred336/channel_metrics.csv
GRU,exchange_rate,RR,336,96,8,4,0.1761832819320261,0.30771288461983204,long_term/GRU/exchange_rate/RR/seq336_pred96/channel_metrics.csv
GRU,exchange_rate,RR,336,336,8,4,0.45463104359805584,0.49604586884379387,long_term/GRU/exchange_rate/RR/seq336_pred336/channel_metrics.csv
GRU,weather,NN,96,96,21,10,0.16663430212065578,0.21439658885910398,long_term/GRU/weather/NN/seq96_pred96/channel_metrics.csv
GRU,weather,NN,96,336,21,10,0.27790005679430796,0.30312165600203334,long_term/GRU/weather/NN/seq96_pred336/channel_metrics.csv
GRU,weather,NN,336,96,21,10,0.17416081777108566,0.2305515670173225,long_term/GRU/weather/NN/seq336_pred96/channel_metrics.csv
GRU,weather,NN,336,336,21,10,0.2785669694283223,0.30794396553011166,long_term/GRU/weather/NN/seq336_pred336/channel_metrics.csv
GRU,weather,RN,96,96,21,10,0.20146638719875007,0.24878419509955815,long_term/GRU/weather/RN/seq96_pred96/channel_metrics.csv
GRU,weather,RN,96,336,21,10,0.2946362171843204,0.31540032626972314,long_term/GRU/weather/RN/seq96_pred336/channel_metrics.csv
GRU,weather,RN,336,96,21,10,0.20599815589819276,0.2599311808922461,long_term/GRU/weather/RN/seq336_pred96/channel_metrics.csv
GRU,weather,RN,336,336,21,10,0.298511690318784,0.32233084968867753,long_term/GRU/weather/RN/seq336_pred336/channel_metrics.csv
GRU,weather,NR,96,96,21,10,0.20696992404659145,0.25807676145008634,long_term/GRU/weather/NR/seq96_pred96/channel_metrics.csv
GRU,weather,NR,96,336,21,10,0.2983638759331024,0.32139137254229616,long_term/GRU/weather/NR/seq96_pred336/channel_metrics.csv
GRU,weather,NR,336,96,21,10,0.24401849285710514,0.2931412705885513,long_term/GRU/weather/NR/seq336_pred96/channel_metrics.csv
GRU,weather,NR,336,336,21,10,0.32458295843874413,0.35119358813833623,long_term/GRU/weather/NR/seq336_pred336/channel_metrics.csv
GRU,weather,RR,96,96,21,10,0.1758667585063016,0.22773992305710203,long_term/GRU/weather/RR/seq96_pred96/channel_metrics.csv
GRU,weather,RR,96,336,21,10,0.2784118799082491,0.30287515327689196,long_term/GRU/weather/RR/seq96_pred336/channel_metrics.csv
GRU,weather,RR,336,96,21,10,0.19432308443910665,0.25284784100949764,long_term/GRU/weather/RR/seq336_pred96/channel_metrics.csv
GRU,weather,RR,336,336,21,10,0.28650690431130077,0.3222342723359664,long_term/GRU/weather/RR/seq336_pred336/channel_metrics.csv
GRU,illness,NN,96,96,7,3,3.7386170285088673,1.3440240025520325,long_term/GRU/illness/NN/seq96_pred96/channel_metrics.csv
GRU,illness,NN,336,96,7,3,4.4236820595605035,1.4430585248129708,long_term/GRU/illness/NN/seq336_pred96/channel_metrics.csv
GRU,illness,RN,96,96,7,3,4.450410808835711,1.4210546697889055,long_term/GRU/illness/RN/seq96_pred96/channel_metrics.csv
GRU,illness,RN,336,96,7,3,5.402248348508563,1.5843606165477209,long_term/GRU/illness/RN/seq336_pred96/channel_metrics.csv
GRU,illness,NR,96,96,7,3,3.0976727179118564,1.3616220780781336,long_term/GRU/illness/NR/seq96_pred96/channel_metrics.csv
GRU,illness,NR,336,96,7,3,2.613607508795602,1.2343781760760717,long_term/GRU/illness/NR/seq336_pred96/channel_metrics.csv
GRU,illness,RR,96,96,7,3,3.785866856575012,1.4391371352331979,long_term/GRU/illness/RR/seq96_pred96/channel_metrics.csv
GRU,illness,RR,336,96,7,3,2.2302242858069286,1.0804383243833269,long_term/GRU/illness/RR/seq336_pred96/channel_metrics.csv
