case,dataset,seq_len,pred_len,features,train_reversed,test_reversed,channels,train_windows,test_windows,mse,mae,dlinear_mse,dlinear_mae,mse_ratio_vs_dlinear,mae_ratio_vs_dlinear,seconds,checkpoint
RN,ETTh1,96,96,M,True,False,7,8449,2785,0.38075566448288045,0.3932840289915889,0.375,0.399,1.0153484386210145,0.9856742581242829,0.04993158299475908,checkpoints/reversal/ols_RN_ETTh1_s96_p96_M.npz
RN,ETTh1,96,192,M,True,False,7,8353,2689,0.43022122165320986,0.4238965023147442,0.405,0.416,1.0622746213659502,1.0189819767181352,0.0520765419350937,checkpoints/reversal/ols_RN_ETTh1_s96_p192_M.npz
RN,ETTh1,96,336,M,True,False,7,8209,2545,0.4714422614365709,0.4479407427927041,0.439,0.443,1.0739003677370635,1.011152918267955,0.06418458302505314,checkpoints/reversal/ols_RN_ETTh1_s96_p336_M.npz
RN,ETTh1,96,720,M,True,False,7,7825,2161,0.4802374207357408,0.48088910799621504,0.472,0.49,1.0174521625757222,0.9814063428494184,0.09369391691870987,checkpoints/reversal/ols_RN_ETTh1_s96_p720_M.npz
NR,ETTh1,96,96,M,False,True,7,8449,2785,0.38004331390600876,0.39191747183225045,0.375,0.399,1.01344883708269,0.9822493028377204,0.043461167020723224,checkpoints/reversal/ols_NR_ETTh1_s96_p96_M.npz
NR,ETTh1,96,192,M,False,True,7,8353,2689,0.4326878007009845,0.42142150500108,0.405,0.416,1.0683649400024309,1.013032463944904,0.05134199990425259,checkpoints/reversal/ols_NR_ETTh1_s96_p192_M.npz
NR,ETTh1,96,336,M,False,True,7,8209,2545,0.4803552513727301,0.44493169039702435,0.439,0.443,1.0942033060882235,1.0043604749368495,0.06076262495480478,checkpoints/reversal/ols_NR_ETTh1_s96_p336_M.npz
NR,ETTh1,96,720,M,False,True,7,7825,2161,0.503505632036233,0.4727230721230731,0.472,0.49,1.0667492204157478,0.9647409635164756,0.10439566592685878,checkpoints/reversal/ols_NR_ETTh1_s96_p720_M.npz
RR,ETTh1,96,96,M,True,True,7,8449,2785,0.37937830890516433,0.3920820966340917,0.375,0.399,1.0116754904137715,0.9826618963260444,0.049721250077709556,checkpoints/reversal/ols_RR_ETTh1_s96_p96_M.npz
RR,ETTh1,96,192,M,True,True,7,8353,2689,0.4303737570398181,0.42083145124175486,0.405,0.416,1.062651251950168,1.0116140654849877,0.058435749961063266,checkpoints/reversal/ols_RR_ETTh1_s96_p192_M.npz
RR,ETTh1,96,336,M,True,True,7,8209,2545,0.47556043864160447,0.44291307961597515,0.439,0.443,1.0832811814159555,0.9998037914581832,0.06972324999514967,checkpoints/reversal/ols_RR_ETTh1_s96_p336_M.npz
RR,ETTh1,96,720,M,True,True,7,7825,2161,0.4946958765769658,0.46664868829985356,0.472,0.49,1.0480844842732326,0.9523442618364358,0.09787379100453109,checkpoints/reversal/ols_RR_ETTh1_s96_p720_M.npz
RN,ETTh2,96,96,M,True,False,7,8449,2785,0.3428101083265554,0.39492767766313314,0.289,0.353,1.1861941464586694,1.1187752908304056,0.04443583299871534,checkpoints/reversal/ols_RN_ETTh2_s96_p96_M.npz
RN,ETTh2,96,192,M,True,False,7,8353,2689,0.481550343348584,0.47673219286881385,0.383,0.418,1.2573116014323342,1.1405076384421384,0.05068333295639604,checkpoints/reversal/ols_RN_ETTh2_s96_p192_M.npz
RN,ETTh2,96,336,M,True,False,7,8209,2545,0.6289175046434637,0.5558555769817503,0.448,0.465,1.4038337157220173,1.1953883375951617,0.06372558407019824,checkpoints/reversal/ols_RN_ETTh2_s96_p336_M.npz
RN,ETTh2,96,720,M,True,False,7,7825,2161,0.9396686507423396,0.6972136261366219,0.605,0.551,1.5531713235410574,1.2653604830065732,0.09065304195974022,checkpoints/reversal/ols_RN_ETTh2_s96_p720_M.npz
NR,ETTh2,96,96,M,False,True,7,8449,2785,0.34362650672624195,0.39742990040684995,0.289,0.353,1.1890190544160621,1.12586374052932,0.04186849994584918,checkpoints/reversal/ols_NR_ETTh2_s96_p96_M.npz
NR,ETTh2,96,192,M,False,True,7,8353,2689,0.46815746883759923,0.47654964933000965,0.383,0.418,1.2223432606725828,1.1400709314115063,0.05006787495221943,checkpoints/reversal/ols_NR_ETTh2_s96_p192_M.npz
NR,ETTh2,96,336,M,False,True,7,8209,2545,0.578093636259079,0.5437078322447643,0.448,0.465,1.2903875809354441,1.1692641553650844,0.06045258301310241,checkpoints/reversal/ols_NR_ETTh2_s96_p336_M.npz
NR,ETTh2,96,720,M,False,True,7,7825,2161,0.8369902848937434,0.6631119235646167,0.605,0.551,1.3834550163532948,1.203469915725257,0.08695816702675074,checkpoints/reversal/ols_NR_ETTh2_s96_p720_M.npz
RR,ETTh2,96,96,M,True,True,7,8449,2785,0.345909164925231,0.39895689156171493,0.289,0.353,1.1969175256928408,1.1301894945091076,0.043404500000178814,checkpoints/reversal/ols_RR_ETTh2_s96_p96_M.npz
RR,ETTh2,96,192,M,True,True,7,8353,2689,0.48047782812151796,0.4832010528768941,0.383,0.418,1.254511300578376,1.1559833800882633,0.05384054104797542,checkpoints/reversal/ols_RR_ETTh2_s96_p192_M.npz
RR,ETTh2,96,336,M,True,True,7,8209,2545,0.6200279227829898,0.5633532706136664,0.448,0.465,1.3839908990691736,1.211512409921863,0.06395270803477615,checkpoints/reversal/ols_RR_ETTh2_s96_p336_M.npz
RR,ETTh2,96,720,M,True,True,7,7825,2161,0.9640571992090925,0.7124231493448465,0.605,0.551,1.5934829738993266,1.2929639734026253,0.09251383296214044,checkpoints/reversal/ols_RR_ETTh2_s96_p720_M.npz
RN,ETTm1,96,96,M,True,False,7,34369,11425,0.34480198579169674,0.3717919332787814,0.299,0.343,1.1531838989688854,1.083941496439596,0.1728984999936074,checkpoints/reversal/ols_RN_ETTm1_s96_p96_M.npz
RN,ETTm1,96,192,M,True,False,7,34273,11329,0.3809772292417238,0.39009585201543473,0.335,0.365,1.137245460423056,1.0687557589463965,0.2017816249281168,checkpoints/reversal/ols_RN_ETTm1_s96_p192_M.npz
RN,ETTm1,96,336,M,True,False,7,34129,11185,0.41252623425834256,0.41207588125029393,0.369,0.386,1.1179572744128525,1.067554096503352,0.24298266705591232,checkpoints/reversal/ols_RN_ETTm1_s96_p336_M.npz
RN,ETTm1,96,720,M,True,False,7,33745,10801,0.47055879831078135,0.4475337263388072,0.425,0.421,1.1071971724959562,1.063025478239447,0.3597485839854926,checkpoints/reversal/ols_RN_ETTm1_s96_p720_M.npz
NR,ETTm1,96,96,M,False,True,7,34369,11425,0.3467075546825424,0.37205168282051515,0.299,0.343,1.1595570390720482,1.0846987837332802,0.16564074996858835,checkpoints/reversal/ols_NR_ETTm1_s96_p96_M.npz
NR,ETTm1,96,192,M,False,True,7,34273,11329,0.3841789914454893,0.3917482160242351,0.335,0.365,1.1468029595387739,1.0732827836280414,0.2062140409834683,checkpoints/reversal/ols_NR_ETTm1_s96_p192_M.npz
NR,ETTm1,96,336,M,False,True,7,34129,11185,0.41913720803598997,0.4130985188523042,0.369,0.386,1.1358731925094578,1.0702034167158139,0.24976062506902963,checkpoints/reversal/ols_NR_ETTm1_s96_p336_M.npz
NR,ETTm1,96,720,M,False,True,7,33745,10801,0.48426061894341976,0.4480617918838175,0.425,0.421,1.1394367504551053,1.0642797906979038,0.39868279197253287,checkpoints/reversal/ols_NR_ETTm1_s96_p720_M.npz
RR,ETTm1,96,96,M,True,True,7,34369,11425,0.34700909453397644,0.3724262759688146,0.299,0.343,1.1605655335584497,1.0857908920373602,0.19602887495420873,checkpoints/reversal/ols_RR_ETTm1_s96_p96_M.npz
RR,ETTm1,96,192,M,True,True,7,34273,11329,0.38434570809482393,0.3919946573641324,0.335,0.365,1.1473006211785788,1.0739579653811848,0.23693616699893028,checkpoints/reversal/ols_RR_ETTm1_s96_p192_M.npz
RR,ETTm1,96,336,M,True,True,7,34129,11185,0.41923222425017503,0.4130656967003002,0.369,0.386,1.1361306890248646,1.0701183852339382,0.2945793339749798,checkpoints/reversal/ols_RR_ETTm1_s96_p336_M.npz
RR,ETTm1,96,720,M,True,True,7,33745,10801,0.48351240341513424,0.44702026507899506,0.425,0.421,1.1376762433297276,1.061805855294525,0.4064544999273494,checkpoints/reversal/ols_RR_ETTm1_s96_p720_M.npz
RN,ETTm2,96,96,M,True,False,7,34369,11425,0.19920537589361265,0.29874586529036434,0.167,0.26,1.1928465622372013,1.1490225588090937,0.19333404197823256,checkpoints/reversal/ols_RN_ETTm2_s96_p96_M.npz
RN,ETTm2,96,192,M,True,False,7,34273,11329,0.2904148296023252,0.36582913015186075,0.224,0.303,1.2964947750103801,1.2073568651876592,0.25073524995241314,checkpoints/reversal/ols_RN_ETTm2_s96_p192_M.npz
RN,ETTm2,96,336,M,True,False,7,34129,11185,0.3924259853146336,0.4331442911590248,0.281,0.342,1.3965337555680908,1.266503775318786,0.28341141692362726,checkpoints/reversal/ols_RN_ETTm2_s96_p336_M.npz
RN,ETTm2,96,720,M,True,False,7,33745,10801,0.5628065727613996,0.5270562869117548,0.397,0.421,1.4176487978876562,1.251915170811769,0.44137512508314103,checkpoints/reversal/ols_RN_ETTm2_s96_p720_M.npz
NR,ETTm2,96,96,M,False,True,7,34369,11425,0.19858230707823807,0.29755778988711723,0.167,0.26,1.1891156112469345,1.1444530380273739,0.17754845798481256,checkpoints/reversal/ols_NR_ETTm2_s96_p96_M.npz
NR,ETTm2,96,192,M,False,True,7,34273,11329,0.28916555958831497,0.36283486010335314,0.224,0.303,1.2909176767335488,1.1974747858196473,0.216308958013542,checkpoints/reversal/ols_NR_ETTm2_s96_p192_M.npz
NR,ETTm2,96,336,M,False,True,7,34129,11185,0.3905345580414141,0.43019533061480747,0.281,0.342,1.3898026976562778,1.2578810836690275,0.24167450005188584,checkpoints/reversal/ols_NR_ETTm2_s96_p336_M.npz
NR,ETTm2,96,720,M,False,True,7,33745,10801,0.564651082369348,0.5309351277175638,0.397,0.421,1.422294917806922,1.261128569400389,0.35004479193594307,checkpoints/reversal/ols_NR_ETTm2_s96_p720_M.npz
RR,ETTm2,96,96,M,True,True,7,34369,11425,0.19986136772123442,0.2989417098893661,0.167,0.26,1.1967746570133797,1.1497758072667925,0.1704206250142306,checkpoints/reversal/ols_RR_ETTm2_s96_p96_M.npz
RR,ETTm2,96,192,M,True,True,7,34273,11329,0.29136160528769384,0.36457175421504034,0.224,0.303,1.3007214521772046,1.2032071096205952,0.22623554104939103,checkpoints/reversal/ols_RR_ETTm2_s96_p192_M.npz
RR,ETTm2,96,336,M,True,True,7,34129,11185,0.39374944500107206,0.43227791777568536,0.281,0.342,1.4012435765162705,1.2639705198119453,0.26725008396897465,checkpoints/reversal/ols_RR_ETTm2_s96_p336_M.npz
RR,ETTm2,96,720,M,True,True,7,33745,10801,0.5707064955676765,0.5341516907855548,0.397,0.421,1.4375478477775225,1.268768861723408,0.4678433749359101,checkpoints/reversal/ols_RR_ETTm2_s96_p720_M.npz
RN,electricity,96,96,M,True,False,321,18221,5165,0.19448076031221612,0.2772194966008173,0.141,0.237,1.3792961724270647,1.1697025173030267,2.5479531249729916,checkpoints/reversal/ols_RN_electricity_s96_p96_M.npz
RN,electricity,96,192,M,True,False,321,18125,5069,0.1937740137194246,0.28021419679995474,0.154,0.248,1.2582728163599,1.1298959548385272,3.130985707975924,checkpoints/reversal/ols_RN_electricity_s96_p192_M.npz
RN,electricity,96,336,M,True,False,321,17981,4925,0.20655408400816955,0.29587941846437926,0.171,0.265,1.207918619930816,1.116526107412752,4.9094321669545025,checkpoints/reversal/ols_RN_electricity_s96_p336_M.npz
RN,electricity,96,720,M,True,False,321,17597,4541,0.24190935560118398,0.3290706374656569,0.21,0.297,1.1519493123865905,1.1079819443288113,6.834509667009115,checkpoints/reversal/ols_RN_electricity_s96_p720_M.npz
NR,electricity,96,96,M,False,True,321,18221,5165,0.19151207451640118,0.2766755524743667,0.141,0.237,1.3582416632368879,1.1674073944066106,2.0245571250561625,checkpoints/reversal/ols_NR_electricity_s96_p96_M.npz
NR,electricity,96,192,M,False,True,321,18125,5069,0.19021783280311097,0.2791801141208965,0.154,0.248,1.2351807324877335,1.1257262666165182,2.9893383749295026,checkpoints/reversal/ols_NR_electricity_s96_p192_M.npz
NR,electricity,96,336,M,False,True,321,17981,4925,0.20489889611297873,0.29521130939266377,0.171,0.265,1.198239158555431,1.1140049411043915,5.319684167043306,checkpoints/reversal/ols_NR_electricity_s96_p336_M.npz
NR,electricity,96,720,M,False,True,321,17597,4541,0.23666022238327425,0.3230871629582419,0.21,0.297,1.1269534399203536,1.0878355655159662,7.022952334024012,checkpoints/reversal/ols_NR_electricity_s96_p720_M.npz
RR,electricity,96,96,M,True,True,321,18221,5165,0.19151151836584568,0.2765447200801124,0.141,0.237,1.358237718906707,1.1668553589878161,2.4406486250227317,checkpoints/reversal/ols_RR_electricity_s96_p96_M.npz
RR,electricity,96,192,M,True,True,321,18125,5069,0.19023025132848642,0.27914242600184974,0.154,0.248,1.235261372262899,1.1255742983945554,3.0729671249864623,checkpoints/reversal/ols_RR_electricity_s96_p192_M.npz
RR,electricity,96,336,M,True,True,321,17981,4925,0.204891707660944,0.29516714366550434,0.171,0.265,1.198197120824234,1.1138382779830351,4.292861208901741,checkpoints/reversal/ols_RR_electricity_s96_p336_M.npz
RR,electricity,96,720,M,True,True,321,17597,4541,0.23637996193243654,0.32282509994811587,0.21,0.297,1.125618866344936,1.0869531984785046,7.782995917019434,checkpoints/reversal/ols_RR_electricity_s96_p720_M.npz
RN,exchange_rate,96,96,M,True,False,8,5120,1422,0.08250763283188471,0.20677807579468122,0.089,0.208,0.9270520542908395,0.9941253643975059,0.03148116695228964,checkpoints/reversal/ols_RN_exchange_rate_s96_p96_M.npz
RN,exchange_rate,96,192,M,True,False,8,5024,1326,0.1774759108616186,0.31286529561128235,0.18,0.3,0.9859772825645478,1.0428843187042744,0.03615245805121958,checkpoints/reversal/ols_RN_exchange_rate_s96_p192_M.npz
RN,exchange_rate,96,336,M,True,False,8,4880,1182,0.3388239579434019,0.4381231641586926,0.331,0.415,1.0236373351764407,1.0557184678522715,0.046164375031366944,checkpoints/reversal/ols_RN_exchange_rate_s96_p336_M.npz
RN,exchange_rate,96,720,M,True,False,8,4496,798,0.9044981758716063,0.7199264835699793,1.033,0.78,0.8756032680267245,0.9229826712435633,0.06606741610448807,checkpoints/reversal/ols_RN_exchange_rate_s96_p720_M.npz
NR,exchange_rate,96,96,M,False,True,8,5120,1422,0.10071517747392542,0.22045021270854476,0.089,0.208,1.1316312075721957,1.0598567918680037,0.02714654104784131,checkpoints/reversal/ols_NR_exchange_rate_s96_p96_M.npz
NR,exchange_rate,96,192,M,False,True,8,5024,1326,0.25523973438543524,0.3609596607546399,0.18,0.3,1.4179985243635291,1.2031988691821331,0.031699375016614795,checkpoints/reversal/ols_NR_exchange_rate_s96_p192_M.npz
NR,exchange_rate,96,336,M,False,True,8,4880,1182,0.5408210633540828,0.5508692471191082,0.331,0.415,1.6339004935168662,1.3273957761906223,0.04246387502644211,checkpoints/reversal/ols_NR_exchange_rate_s96_p336_M.npz
NR,exchange_rate,96,720,M,False,True,8,4496,798,1.745060766959535,1.021575956756713,1.033,0.78,1.6893134239685723,1.309712765072709,0.06774625007528812,checkpoints/reversal/ols_NR_exchange_rate_s96_p720_M.npz
RR,exchange_rate,96,96,M,True,True,8,5120,1422,0.10950296448606946,0.23180327533127082,0.089,0.208,1.2303703874839265,1.114438823708033,0.031335834064520895,checkpoints/reversal/ols_RR_exchange_rate_s96_p96_M.npz
RR,exchange_rate,96,192,M,True,True,8,5024,1326,0.29038832069699966,0.38866279431349765,0.18,0.3,1.6132684483166648,1.295542647711659,0.04190604109317064,checkpoints/reversal/ols_RR_exchange_rate_s96_p192_M.npz
RR,exchange_rate,96,336,M,True,True,8,4880,1182,0.6257735268602578,0.5948210527304999,0.331,0.415,1.8905544618134675,1.4333037415192769,0.08237608394119889,checkpoints/reversal/ols_RR_exchange_rate_s96_p336_M.npz
RR,exchange_rate,96,720,M,True,True,8,4496,798,1.9609136524765458,1.0953951355313212,1.033,0.78,1.898270718757547,1.4043527378606682,0.10429337492678314,checkpoints/reversal/ols_RR_exchange_rate_s96_p720_M.npz
RN,traffic,96,96,M,True,False,862,12089,3413,0.6481967387316556,0.39535670860272004,0.41,0.279,1.5809676554430625,1.4170491347767742,3.8416572500718758,checkpoints/reversal/ols_RN_traffic_s96_p96_M.npz
RN,traffic,96,192,M,True,False,862,11993,3317,0.5980168431964856,0.3698641549960888,0.423,0.284,1.413751402355758,1.3023385739298903,5.626750040915795,checkpoints/reversal/ols_RN_traffic_s96_p192_M.npz
RN,traffic,96,336,M,True,False,862,11849,3173,0.6047808930339744,0.3723321973289808,0.435,0.29,1.390300903526378,1.2839041287206236,7.962019374943338,checkpoints/reversal/ols_RN_traffic_s96_p336_M.npz
RN,traffic,96,720,M,True,False,862,11465,2789,0.6453045998816452,0.3936585384859138,0.464,0.307,1.3907426721587182,1.282275369660957,13.388973124907352,checkpoints/reversal/ols_RN_traffic_s96_p720_M.npz
NR,traffic,96,96,M,False,True,862,12089,3413,0.6548172086194494,0.39707141312239297,0.41,0.279,1.597115142974267,1.4231950291125195,3.73224433301948,checkpoints/reversal/ols_NR_traffic_s96_p96_M.npz
NR,traffic,96,192,M,False,True,862,11993,3317,0.6023170376600553,0.36857496877674256,0.423,0.284,1.4239173467140787,1.2977991858336007,5.2865382499294356,checkpoints/reversal/ols_NR_traffic_s96_p192_M.npz
NR,traffic,96,336,M,False,True,862,11849,3173,0.6141508529920391,0.3753494778253166,0.435,0.29,1.4118410413610094,1.2943085442252298,7.3157847909023985,checkpoints/reversal/ols_NR_traffic_s96_p336_M.npz
NR,traffic,96,720,M,False,True,862,11465,2789,0.664711540934359,0.40150744082814616,0.464,0.307,1.4325679761516357,1.307841826801779,13.129210749990307,checkpoints/reversal/ols_NR_traffic_s96_p720_M.npz
RR,traffic,96,96,M,True,True,862,12089,3413,0.65466000975808,0.3963342281573914,0.41,0.279,1.5967317311172684,1.4205527890945926,4.963089083903469,checkpoints/reversal/ols_RR_traffic_s96_p96_M.npz
RR,traffic,96,192,M,True,True,862,11993,3317,0.6024029247148405,0.36822294323428734,0.423,0.284,1.424120389396786,1.2965596592756599,6.126416792045347,checkpoints/reversal/ols_RR_traffic_s96_p192_M.npz
RR,traffic,96,336,M,True,True,862,11849,3173,0.6143027170452885,0.3747267045781906,0.435,0.29,1.4121901541271,1.2921610502696228,8.178426458034664,checkpoints/reversal/ols_RR_traffic_s96_p336_M.npz
RR,traffic,96,720,M,True,True,862,11465,2789,0.664829196922981,0.4004566658166878,0.464,0.307,1.4328215450926314,1.3044191068947486,13.953599750064313,checkpoints/reversal/ols_RR_traffic_s96_p720_M.npz
RN,weather,96,96,M,True,False,21,36696,10444,0.19424688811610277,0.25138922706772593,0.182,0.232,1.0672905940445208,1.0835742546022669,0.30919299996457994,checkpoints/reversal/ols_RN_weather_s96_p96_M.npz
RN,weather,96,192,M,True,False,21,36600,10348,0.23437070427453743,0.289852430937258,0.225,0.269,1.0416475745534997,1.0775183306217768,0.43281658296473324,checkpoints/reversal/ols_RN_weather_s96_p192_M.npz
RN,weather,96,336,M,True,False,21,36456,10204,0.27976193227272234,0.3274345989650091,0.271,0.301,1.0323318534048793,1.0878225879236183,0.697476000059396,checkpoints/reversal/ols_RN_weather_s96_p336_M.npz
RN,weather,96,720,M,True,False,21,36072,9820,0.3422565031222454,0.3763703304431792,0.338,0.348,1.0125932045036847,1.0815239380551127,1.0798091660253704,checkpoints/reversal/ols_RN_weather_s96_p720_M.npz
NR,weather,96,96,M,False,True,21,36696,10444,0.19434346508646982,0.25135517425086257,0.182,0.232,1.0678212367388453,1.0834274752192352,0.2943052500486374,checkpoints/reversal/ols_NR_weather_s96_p96_M.npz
NR,weather,96,192,M,False,True,21,36600,10348,0.2337256266089449,0.2909818211339663,0.225,0.269,1.0387805627064217,1.0817168071894658,0.37985425000078976,checkpoints/reversal/ols_NR_weather_s96_p192_M.npz
NR,weather,96,336,M,False,True,21,36456,10204,0.27491412550434347,0.3298627735778339,0.271,0.301,1.0144432675437027,1.095889613215395,0.5128118329448625,checkpoints/reversal/ols_NR_weather_s96_p336_M.npz
NR,weather,96,720,M,False,True,21,36072,9820,0.3284954342946988,0.37792093252302084,0.338,0.348,0.9718799831204106,1.0859796911581059,0.9208852499723434,checkpoints/reversal/ols_NR_weather_s96_p720_M.npz
RR,weather,96,96,M,True,True,21,36696,10444,0.1936322870333997,0.24950289877707135,0.182,0.232,1.0639136650186798,1.0754435292115143,0.361198415979743,checkpoints/reversal/ols_RR_weather_s96_p96_M.npz
RR,weather,96,192,M,True,True,21,36600,10348,0.2327570122780564,0.28860321961961266,0.225,0.269,1.034475610124695,1.0728744223777422,0.4888823749497533,checkpoints/reversal/ols_RR_weather_s96_p192_M.npz
RR,weather,96,336,M,True,True,21,36456,10204,0.2736733512229941,0.327061065617157,0.271,0.301,1.0098647646604946,1.0865816133460364,0.6326255829771981,checkpoints/reversal/ols_RR_weather_s96_p336_M.npz
RR,weather,96,720,M,True,True,21,36072,9820,0.3267928583390224,0.37412155114284446,0.338,0.348,0.9668427761509537,1.0750619285713923,1.1807412499329075,checkpoints/reversal/ols_RR_weather_s96_p720_M.npz
RN,illness,104,24,M,True,False,7,549,170,2.2874501164990253,1.0470157095061086,1.683,0.858,1.3591503960184346,1.2202980297273993,0.006198332994244993,checkpoints/reversal/ols_RN_illness_s104_p24_M.npz
RN,illness,104,36,M,True,False,7,537,158,2.355466011335429,1.0802279831097088,1.703,0.859,1.3831274288522777,1.2575413074618262,0.004611958982422948,checkpoints/reversal/ols_RN_illness_s104_p36_M.npz
RN,illness,104,48,M,True,False,7,525,146,2.4582414386703997,1.1193750933636102,1.719,0.884,1.4300415582724837,1.2662614178321383,0.004981250036507845,checkpoints/reversal/ols_RN_illness_s104_p48_M.npz
RN,illness,104,60,M,True,False,7,513,134,2.654470007298234,1.1710540626607988,1.819,0.917,1.4593018181958406,1.277049141396727,0.0051292909774929285,checkpoints/reversal/ols_RN_illness_s104_p60_M.npz
NR,illness,104,24,M,False,True,7,549,170,0.6480650432335563,0.5638163550725419,1.683,0.858,0.38506538516551175,0.6571286189656665,0.00443149998318404,checkpoints/reversal/ols_NR_illness_s104_p24_M.npz
NR,illness,104,36,M,False,True,7,537,158,0.6523722742391049,0.5776524154605897,1.703,0.859,0.38307238651738396,0.6724707979750753,0.004339082981459796,checkpoints/reversal/ols_NR_illness_s104_p36_M.npz
NR,illness,104,48,M,False,True,7,525,146,0.6513003638669457,0.5863676326226168,1.719,0.884,0.37888328322684445,0.663311801609295,0.004531000042334199,checkpoints/reversal/ols_NR_illness_s104_p48_M.npz
NR,illness,104,60,M,False,True,7,513,134,0.7009904924048795,0.6126794281636629,1.819,0.917,0.38537135371351267,0.6681345999603739,0.004788500024005771,checkpoints/reversal/ols_NR_illness_s104_p60_M.npz
RR,illness,104,24,M,True,True,7,549,170,0.661330867893932,0.5612086059463105,1.683,0.858,0.3929476339239049,0.6540892843197093,0.004434000002220273,checkpoints/reversal/ols_RR_illness_s104_p24_M.npz
RR,illness,104,36,M,True,True,7,537,158,0.6512002886524757,0.5705719919231085,1.703,0.859,0.3823841976820174,0.6642281628906967,0.004593541962094605,checkpoints/reversal/ols_RR_illness_s104_p36_M.npz
RR,illness,104,48,M,True,True,7,525,146,0.6308531161309939,0.5689495468105507,1.719,0.884,0.36698843288597666,0.6436080846273198,0.004617083934135735,checkpoints/reversal/ols_RR_illness_s104_p48_M.npz
RR,illness,104,60,M,True,True,7,513,134,0.6613957751166054,0.5830303764427566,1.819,0.917,0.36360405448961264,0.6358019372331042,0.005016250070184469,checkpoints/reversal/ols_RR_illness_s104_p60_M.npz
