dataset,architecture,capacity,condition,seed,run_id,status,duration_seconds,epochs_completed,best_val_mse,parameter_count,train_pairs,val_pairs,test_pairs,target_train_mean,target_train_std,mse,mae,none_mse,event_mse,separation_mse,predicted_separation_energy,true_separation_energy,ambiguity_floor,n_pairs
ETTh2,gru,64,info0,0,ETTh2__gru64__info0__seed0,completed,12.303359270095825,18,0.4646327793598175,23776,8449,2000,2785,26.87202262878418,11.584718704223633,0.47494277358055115,0.5274983644485474,0.2477063089609146,0.7021794319152832,0.4379199147224426,0.0,0.4379199147224426,0.10947997868061066,2785
ETTh2,gru,64,info0,1,ETTh2__gru64__info0__seed1,completed,10.593470096588135,18,0.4636388421058655,23776,8449,2000,2785,26.87202262878418,11.584718704223633,0.4997268319129944,0.5407072901725769,0.27134132385253906,0.7281123399734497,0.4379199147224426,0.0,0.4379199147224426,0.10947997868061066,2785
ETTh2,gru,64,info0,2,ETTh2__gru64__info0__seed2,completed,10.77097773551941,18,0.4567810893058777,23776,8449,2000,2785,26.87202262878418,11.584718704223633,0.47955501079559326,0.5281933546066284,0.2513865828514099,0.7077235579490662,0.4379199147224426,0.0,0.4379199147224426,0.10947997868061066,2785
ETTh2,gru,64,info100,0,ETTh2__gru64__info100__seed0,completed,12.881006479263306,18,0.2826402485370636,23776,8449,2000,2785,26.87202262878418,11.584718704223633,0.2608533203601837,0.40474265813827515,0.22115816175937653,0.30054840445518494,0.07360029220581055,0.3707970976829529,0.4379199147224426,0.10947997868061066,2785
ETTh2,gru,64,info100,1,ETTh2__gru64__info100__seed1,completed,12.832318305969238,18,0.2783772647380829,23776,8449,2000,2785,26.87202262878418,11.584718704223633,0.3193869888782501,0.4515216648578644,0.2813066244125366,0.3574673533439636,0.07196860015392303,0.36162981390953064,0.4379199147224426,0.10947997868061066,2785
ETTh2,gru,64,info100,2,ETTh2__gru64__info100__seed2,completed,12.40861201286316,18,0.2801947295665741,23776,8449,2000,2785,26.87202262878418,11.584718704223633,0.2838093936443329,0.4253638684749603,0.2395155131816864,0.32810327410697937,0.07927267253398895,0.341195672750473,0.4379199147224426,0.10947997868061066,2785
ETTh2,mlp,128,info0,0,ETTh2__mlp128__info0__seed0,completed,7.6408915519714355,13,0.4267541468143463,28192,8449,2000,2785,26.87202262878418,11.584718704223633,0.43314075469970703,0.4996326267719269,0.20764850080013275,0.6586330533027649,0.4379199147224426,0.0,0.4379199147224426,0.10947997868061066,2785
ETTh2,mlp,128,info0,1,ETTh2__mlp128__info0__seed1,completed,4.543300628662109,8,0.4285591244697571,28192,8449,2000,2785,26.87202262878418,11.584718704223633,0.47925519943237305,0.5308716297149658,0.25472554564476013,0.7037849426269531,0.4379199147224426,0.0,0.4379199147224426,0.10947997868061066,2785
ETTh2,mlp,128,info0,2,ETTh2__mlp128__info0__seed2,completed,6.141454219818115,11,0.4265437424182892,28192,8449,2000,2785,26.87202262878418,11.584718704223633,0.39999374747276306,0.47332727909088135,0.17601685225963593,0.6239705681800842,0.4379199147224426,0.0,0.4379199147224426,0.10947997868061066,2785
ETTh2,mlp,128,info100,0,ETTh2__mlp128__info100__seed0,completed,9.468868494033813,13,0.23845475912094116,28192,8449,2000,2785,26.87202262878418,11.584718704223633,0.24768775701522827,0.3926551043987274,0.2277839630842209,0.26759156584739685,0.08093317598104477,0.3745083808898926,0.4379199147224426,0.10947997868061066,2785
ETTh2,mlp,128,info100,1,ETTh2__mlp128__info100__seed1,completed,12.608295679092407,18,0.2228044867515564,28192,8449,2000,2785,26.87202262878418,11.584718704223633,0.20999972522258759,0.36052143573760986,0.19003190100193024,0.22996756434440613,0.053570766001939774,0.39042750000953674,0.4379199147224426,0.10947997868061066,2785
ETTh2,mlp,128,info100,2,ETTh2__mlp128__info100__seed2,completed,12.474913120269775,18,0.22163157165050507,28192,8449,2000,2785,26.87202262878418,11.584718704223633,0.33653348684310913,0.4585496783256531,0.3195682466030121,0.35349881649017334,0.06523571908473969,0.29819393157958984,0.4379199147224426,0.10947997868061066,2785
ETTh2,mlp,128,info50,0,ETTh2__mlp128__info50__seed0,completed,9.123425960540771,14,0.33651578426361084,28192,8449,2000,2785,26.87202262878418,11.584718704223633,0.2851150631904602,0.4017386734485626,0.1500253528356552,0.420204758644104,0.2662545144557953,0.146193727850914,0.4379199147224426,0.10947997868061066,2785
ETTh2,mlp,128,info50,1,ETTh2__mlp128__info50__seed1,completed,12.027921199798584,18,0.3308093249797821,28192,8449,2000,2785,26.87202262878418,11.584718704223633,0.3078629970550537,0.4150511622428894,0.1793016642332077,0.4364243149757385,0.2527809143066406,0.16021806001663208,0.4379199147224426,0.10947997868061066,2785
ETTh2,mlp,128,info50,2,ETTh2__mlp128__info50__seed2,completed,11.320934772491455,17,0.3306485116481781,28192,8449,2000,2785,26.87202262878418,11.584718704223633,0.30799904465675354,0.4162340760231018,0.17910075187683105,0.43689730763435364,0.25883275270462036,0.15070758759975433,0.4379199147224426,0.10947997868061066,2785
ETTh2,mlp,128,placebo,0,ETTh2__mlp128__placebo__seed0,completed,4.952311277389526,8,0.41993558406829834,28192,8449,2000,2785,26.87202262878418,11.584718704223633,0.48976269364356995,0.5384128093719482,0.2629297077655792,0.7165956497192383,0.4379199147224426,0.0,0.4379199147224426,0.10947997868061066,2785
ETTh2,mlp,128,placebo,1,ETTh2__mlp128__placebo__seed1,completed,4.520056486129761,7,0.4204522371292114,28192,8449,2000,2785,26.87202262878418,11.584718704223633,0.46083447337150574,0.5185058116912842,0.23532910645008087,0.6863396763801575,0.4379199147224426,0.0,0.4379199147224426,0.10947997868061066,2785
ETTh2,mlp,128,placebo,2,ETTh2__mlp128__placebo__seed2,completed,5.051001787185669,8,0.42089611291885376,28192,8449,2000,2785,26.87202262878418,11.584718704223633,0.5262436270713806,0.5638855695724487,0.299511581659317,0.752975583076477,0.4379199147224426,0.0,0.4379199147224426,0.10947997868061066,2785
ETTh2,mlp,128,shuffled,0,ETTh2__mlp128__shuffled__seed0,completed,9.809979677200317,13,0.42669931054115295,28192,8449,2000,2785,26.87202262878418,11.584718704223633,0.43317776918411255,0.498757541179657,0.2075754702091217,0.6587799787521362,0.4388156533241272,0.0010346414055675268,0.4379199147224426,0.10947997868061066,2785
ETTh2,mlp,128,shuffled,1,ETTh2__mlp128__shuffled__seed1,completed,5.8126137256622314,8,0.4278010129928589,28192,8449,2000,2785,26.87202262878418,11.584718704223633,0.4745783805847168,0.5276522040367126,0.24973797798156738,0.6994187235832214,0.43920713663101196,0.0014247893122956157,0.4379199147224426,0.10947997868061066,2785
ETTh2,mlp,128,shuffled,2,ETTh2__mlp128__shuffled__seed2,completed,10.62662649154663,15,0.42705315351486206,28192,8449,2000,2785,26.87202262878418,11.584718704223633,0.44536441564559937,0.5031823515892029,0.2185908555984497,0.6721380352973938,0.43916401267051697,0.0011614714749157429,0.4379199147224426,0.10947997868061066,2785
ETTh2,mlp,32,info0,0,ETTh2__mlp32__info0__seed0,completed,11.176680564880371,18,0.4382319748401642,5584,8449,2000,2785,26.87202262878418,11.584718704223633,0.43926751613616943,0.5046312808990479,0.2153337001800537,0.6632013320922852,0.4379199147224426,0.0,0.4379199147224426,0.10947997868061066,2785
ETTh2,mlp,32,info0,1,ETTh2__mlp32__info0__seed1,completed,10.439157724380493,18,0.4384539723396301,5584,8449,2000,2785,26.87202262878418,11.584718704223633,0.4465123414993286,0.5096467137336731,0.2203625738620758,0.6726621389389038,0.4379199147224426,0.0,0.4379199147224426,0.10947997868061066,2785
ETTh2,mlp,32,info0,2,ETTh2__mlp32__info0__seed2,completed,10.83122205734253,18,0.4410839080810547,5584,8449,2000,2785,26.87202262878418,11.584718704223633,0.4188692569732666,0.4881764054298401,0.19364358484745026,0.6440949440002441,0.4379199147224426,0.0,0.4379199147224426,0.10947997868061066,2785
ETTh2,mlp,32,info100,0,ETTh2__mlp32__info100__seed0,completed,12.696030139923096,18,0.24282707273960114,5584,8449,2000,2785,26.87202262878418,11.584718704223633,0.22502775490283966,0.37389156222343445,0.19297832250595093,0.2570772171020508,0.08996979892253876,0.35129430890083313,0.4379199147224426,0.10947997868061066,2785
ETTh2,mlp,32,info100,1,ETTh2__mlp32__info100__seed1,completed,12.800660371780396,18,0.24917307496070862,5584,8449,2000,2785,26.87202262878418,11.584718704223633,0.21949414908885956,0.37128889560699463,0.17567402124404907,0.26331424713134766,0.089879110455513,0.3152742087841034,0.4379199147224426,0.10947997868061066,2785
ETTh2,mlp,32,info100,2,ETTh2__mlp32__info100__seed2,completed,12.98435091972351,18,0.2514376938343048,5584,8449,2000,2785,26.87202262878418,11.584718704223633,0.24453067779541016,0.3888353109359741,0.20263701677322388,0.2864243984222412,0.10271140933036804,0.30972111225128174,0.4379199147224426,0.10947997868061066,2785
ETTh2,mlp,32,info50,0,ETTh2__mlp32__info50__seed0,completed,12.012310981750488,18,0.3428035378456116,5584,8449,2000,2785,26.87202262878418,11.584718704223633,0.3559323251247406,0.4573283791542053,0.2223956286907196,0.4894689917564392,0.26850107312202454,0.16639454662799835,0.4379199147224426,0.10947997868061066,2785
ETTh2,mlp,32,info50,1,ETTh2__mlp32__info50__seed1,completed,11.572220802307129,18,0.3504085838794708,5584,8449,2000,2785,26.87202262878418,11.584718704223633,0.39268407225608826,0.48374584317207336,0.24852506816387177,0.5368430614471436,0.27421486377716064,0.1381630003452301,0.4379199147224426,0.10947997868061066,2785
ETTh2,mlp,32,info50,2,ETTh2__mlp32__info50__seed2,completed,12.229252338409424,18,0.35215094685554504,5584,8449,2000,2785,26.87202262878418,11.584718704223633,0.3620545566082001,0.46313565969467163,0.22228121757507324,0.5018278360366821,0.2778644263744354,0.14051511883735657,0.4379199147224426,0.10947997868061066,2785
ETTh2,mlp,512,info0,0,ETTh2__mlp512__info0__seed0,completed,4.475620269775391,7,0.4290389120578766,210784,8449,2000,2785,26.87202262878418,11.584718704223633,0.3790349066257477,0.45866790413856506,0.1562386453151703,0.6018311381340027,0.4379199147224426,0.0,0.4379199147224426,0.10947997868061066,2785
ETTh2,mlp,512,info0,1,ETTh2__mlp512__info0__seed1,completed,4.352488040924072,7,0.42366161942481995,210784,8449,2000,2785,26.87202262878418,11.584718704223633,0.47113966941833496,0.5220634341239929,0.24324588477611542,0.6990334987640381,0.4379199147224426,0.0,0.4379199147224426,0.10947997868061066,2785
ETTh2,mlp,512,info0,2,ETTh2__mlp512__info0__seed2,completed,3.002105474472046,5,0.42842066287994385,210784,8449,2000,2785,26.87202262878418,11.584718704223633,0.5179808139801025,0.5574359893798828,0.2888152003288269,0.7471463680267334,0.4379199147224426,0.0,0.4379199147224426,0.10947997868061066,2785
ETTh2,mlp,512,info100,0,ETTh2__mlp512__info100__seed0,completed,7.717084169387817,11,0.23380407691001892,210784,8449,2000,2785,26.87202262878418,11.584718704223633,0.1760798543691635,0.32752159237861633,0.15305154025554657,0.19910815358161926,0.06440267711877823,0.48576292395591736,0.4379199147224426,0.10947997868061066,2785
ETTh2,mlp,512,info100,1,ETTh2__mlp512__info100__seed1,completed,7.469053268432617,10,0.24583302438259125,210784,8449,2000,2785,26.87202262878418,11.584718704223633,0.1820736825466156,0.3343496322631836,0.1542864292860031,0.2098609358072281,0.05889786407351494,0.4287313222885132,0.4379199147224426,0.10947997868061066,2785
ETTh2,mlp,512,info100,2,ETTh2__mlp512__info100__seed2,completed,7.247077941894531,10,0.22700630128383636,210784,8449,2000,2785,26.87202262878418,11.584718704223633,0.19388137757778168,0.34627631306648254,0.16921918094158173,0.21854354441165924,0.05703827366232872,0.34970471262931824,0.4379199147224426,0.10947997868061066,2785
ETTh2,mlp,512,info50,0,ETTh2__mlp512__info50__seed0,completed,6.6886420249938965,10,0.331743985414505,210784,8449,2000,2785,26.87202262878418,11.584718704223633,0.4147968888282776,0.4865439236164093,0.2882215082645416,0.5413722395896912,0.2538818120956421,0.16602443158626556,0.4379199147224426,0.10947997868061066,2785
ETTh2,mlp,512,info50,1,ETTh2__mlp512__info50__seed1,completed,8.91955280303955,13,0.3399229049682617,210784,8449,2000,2785,26.87202262878418,11.584718704223633,0.32109761238098145,0.42818138003349304,0.18684829771518707,0.4553469717502594,0.2585503160953522,0.11575283110141754,0.4379199147224426,0.10947997868061066,2785
ETTh2,mlp,512,info50,2,ETTh2__mlp512__info50__seed2,completed,5.487446546554565,8,0.33711087703704834,210784,8449,2000,2785,26.87202262878418,11.584718704223633,0.2792011499404907,0.39642468094825745,0.1428830921649933,0.41551923751831055,0.2655244469642639,0.1395747810602188,0.4379199147224426,0.10947997868061066,2785
ETTm1,gru,64,info0,0,ETTm1__gru64__info0__seed0,completed,12.498671054840088,18,0.2858152389526367,23776,12000,2000,4000,17.124948501586914,9.173035621643066,0.2827971875667572,0.3546163737773895,0.05698699504137039,0.5086075067520142,0.4473574757575989,0.0,0.4473574757575989,0.11183936893939972,4000
ETTm1,gru,64,info0,1,ETTm1__gru64__info0__seed1,completed,12.939984798431396,18,0.2852115035057068,23776,12000,2000,4000,17.124948501586914,9.173035621643066,0.2948056757450104,0.370790034532547,0.06903314590454102,0.5205782651901245,0.4473574757575989,0.0,0.4473574757575989,0.11183936893939972,4000
ETTm1,gru,64,info0,2,ETTm1__gru64__info0__seed2,completed,13.291774988174438,18,0.28539133071899414,23776,12000,2000,4000,17.124948501586914,9.173035621643066,0.2821255326271057,0.3532181680202484,0.0563107393682003,0.5079402923583984,0.4473574757575989,0.0,0.4473574757575989,0.11183936893939972,4000
ETTm1,gru,64,info100,0,ETTm1__gru64__info100__seed0,completed,15.482842922210693,18,0.08409588783979416,23776,12000,2000,4000,17.124948501586914,9.173035621643066,0.08180423825979233,0.21447303891181946,0.05742383375763893,0.10618463158607483,0.051311906427145004,0.4001540243625641,0.4473574757575989,0.11183936893939972,4000
ETTm1,gru,64,info100,1,ETTm1__gru64__info100__seed1,completed,15.900104761123657,18,0.08229783177375793,23776,12000,2000,4000,17.124948501586914,9.173035621643066,0.09651611000299454,0.24069608747959137,0.07404981553554535,0.11898240447044373,0.04766673967242241,0.40075206756591797,0.4473574757575989,0.11183936893939972,4000
ETTm1,gru,64,info100,2,ETTm1__gru64__info100__seed2,completed,15.13317322731018,18,0.08335725963115692,23776,12000,2000,4000,17.124948501586914,9.173035621643066,0.0750313401222229,0.20293310284614563,0.04991846904158592,0.10014420747756958,0.0503755547106266,0.39499932527542114,0.4473574757575989,0.11183936893939972,4000
ETTm1,mlp,128,info0,0,ETTm1__mlp128__info0__seed0,completed,12.051227331161499,18,0.2828596234321594,28192,12000,2000,4000,17.124948501586914,9.173035621643066,0.30796700716018677,0.3850769102573395,0.0817146748304367,0.5342191457748413,0.4473574757575989,0.0,0.4473574757575989,0.11183936893939972,4000
ETTm1,mlp,128,info0,1,ETTm1__mlp128__info0__seed1,completed,8.977391481399536,13,0.2834550440311432,28192,12000,2000,4000,17.124948501586914,9.173035621643066,0.32156240940093994,0.4033760726451874,0.0956580638885498,0.5474667549133301,0.4473574757575989,0.0,0.4473574757575989,0.11183936893939972,4000
ETTm1,mlp,128,info0,2,ETTm1__mlp128__info0__seed2,completed,8.34036660194397,12,0.28396084904670715,28192,12000,2000,4000,17.124948501586914,9.173035621643066,0.2972474694252014,0.37414881587028503,0.07125367969274521,0.5232413411140442,0.4473574757575989,0.0,0.4473574757575989,0.11183936893939972,4000
ETTm1,mlp,128,info100,0,ETTm1__mlp128__info100__seed0,completed,15.740361452102661,18,0.07121522724628448,28192,12000,2000,4000,17.124948501586914,9.173035621643066,0.12217353284358978,0.2819259464740753,0.11262818425893784,0.13171885907649994,0.03766113147139549,0.3834972083568573,0.4473574757575989,0.11183936893939972,4000
ETTm1,mlp,128,info100,1,ETTm1__mlp128__info100__seed1,completed,15.518764019012451,18,0.06946171075105667,28192,12000,2000,4000,17.124948501586914,9.173035621643066,0.08084981143474579,0.21861930191516876,0.0695512443780899,0.09214838594198227,0.034427039325237274,0.4107014834880829,0.4473574757575989,0.11183936893939972,4000
ETTm1,mlp,128,info100,2,ETTm1__mlp128__info100__seed2,completed,16.255502700805664,18,0.0707828551530838,28192,12000,2000,4000,17.124948501586914,9.173035621643066,0.0913166031241417,0.23675285279750824,0.08238232880830765,0.10025084763765335,0.03707022964954376,0.41270801424980164,0.4473574757575989,0.11183936893939972,4000
ETTm1,mlp,128,info50,0,ETTm1__mlp128__info50__seed0,completed,14.761370182037354,18,0.17662467062473297,28192,12000,2000,4000,17.124948501586914,9.173035621643066,0.21025727689266205,0.3223085105419159,0.0836954340338707,0.3368190824985504,0.24880138039588928,0.21054767072200775,0.4473574757575989,0.11183936893939972,4000
ETTm1,mlp,128,info50,1,ETTm1__mlp128__info50__seed1,completed,14.746249198913574,18,0.1755920648574829,28192,12000,2000,4000,17.124948501586914,9.173035621643066,0.19983817636966705,0.30679649114608765,0.07596627622842789,0.32371005415916443,0.2445880025625229,0.20024240016937256,0.4473574757575989,0.11183936893939972,4000
ETTm1,mlp,128,info50,2,ETTm1__mlp128__info50__seed2,completed,12.06453251838684,15,0.17980368435382843,28192,12000,2000,4000,17.124948501586914,9.173035621643066,0.19735164940357208,0.30792227387428284,0.06807548552751541,0.32662779092788696,0.251563161611557,0.1765259951353073,0.4473574757575989,0.11183936893939972,4000
ETTm1,mlp,128,placebo,0,ETTm1__mlp128__placebo__seed0,completed,5.214400768280029,7,0.3012530207633972,28192,12000,2000,4000,17.124948501586914,9.173035621643066,0.31596237421035767,0.39435675740242004,0.08960133045911789,0.5423233509063721,0.4473574757575989,0.0,0.4473574757575989,0.11183936893939972,4000
ETTm1,mlp,128,placebo,1,ETTm1__mlp128__placebo__seed1,completed,12.770174980163574,18,0.28782376646995544,28192,12000,2000,4000,17.124948501586914,9.173035621643066,0.2810215353965759,0.35301652550697327,0.05504975840449333,0.506993293762207,0.4473574757575989,0.0,0.4473574757575989,0.11183936893939972,4000
ETTm1,mlp,128,placebo,2,ETTm1__mlp128__placebo__seed2,completed,4.7487404346466064,6,0.3085637092590332,28192,12000,2000,4000,17.124948501586914,9.173035621643066,0.3548765480518341,0.44203296303749084,0.12868738174438477,0.5810656547546387,0.4473574757575989,0.0,0.4473574757575989,0.11183936893939972,4000
ETTm1,mlp,128,shuffled,0,ETTm1__mlp128__shuffled__seed0,completed,8.958955526351929,10,0.2844671905040741,28192,12000,2000,4000,17.124948501586914,9.173035621643066,0.31992968916893005,0.40311217308044434,0.09409849345684052,0.5457608103752136,0.4472811818122864,0.0002788516867440194,0.4473574757575989,0.11183936893939972,4000
ETTm1,mlp,128,shuffled,1,ETTm1__mlp128__shuffled__seed1,completed,13.91407060623169,16,0.28277021646499634,28192,12000,2000,4000,17.124948501586914,9.173035621643066,0.3007942736148834,0.3762580454349518,0.07487369328737259,0.5267148017883301,0.44754865765571594,0.0005827393615618348,0.4473574757575989,0.11183936893939972,4000
ETTm1,mlp,128,shuffled,2,ETTm1__mlp128__shuffled__seed2,completed,15.86106014251709,18,0.2828623950481415,28192,12000,2000,4000,17.124948501586914,9.173035621643066,0.3199925720691681,0.40588924288749695,0.0941479504108429,0.5458372235298157,0.447323739528656,0.00037445599446073174,0.4473574757575989,0.11183936893939972,4000
ETTm1,mlp,32,info0,0,ETTm1__mlp32__info0__seed0,completed,12.990453004837036,18,0.28648972511291504,5584,12000,2000,4000,17.124948501586914,9.173035621643066,0.34912264347076416,0.4389844536781311,0.12314402312040329,0.5751011371612549,0.4473574757575989,0.0,0.4473574757575989,0.11183936893939972,4000
ETTm1,mlp,32,info0,1,ETTm1__mlp32__info0__seed1,completed,12.825334310531616,18,0.28608885407447815,5584,12000,2000,4000,17.124948501586914,9.173035621643066,0.3430381715297699,0.431765615940094,0.11701900511980057,0.5690573453903198,0.4473574757575989,0.0,0.4473574757575989,0.11183936893939972,4000
ETTm1,mlp,32,info0,2,ETTm1__mlp32__info0__seed2,completed,13.202647686004639,18,0.28523820638656616,5584,12000,2000,4000,17.124948501586914,9.173035621643066,0.33833014965057373,0.42691218852996826,0.11252065747976303,0.5641397833824158,0.4473574757575989,0.0,0.4473574757575989,0.11183936893939972,4000
ETTm1,mlp,32,info100,0,ETTm1__mlp32__info100__seed0,completed,16.919641971588135,18,0.0859995111823082,5584,12000,2000,4000,17.124948501586914,9.173035621643066,0.1143159493803978,0.2636219561100006,0.08225847035646439,0.1463734656572342,0.06372778117656708,0.3908923268318176,0.4473574757575989,0.11183936893939972,4000
ETTm1,mlp,32,info100,1,ETTm1__mlp32__info100__seed1,completed,15.506718873977661,18,0.08862674236297607,5584,12000,2000,4000,17.124948501586914,9.173035621643066,0.13345876336097717,0.2904808521270752,0.10784561187028885,0.1590718775987625,0.07493644952774048,0.34240058064460754,0.4473574757575989,0.11183936893939972,4000
ETTm1,mlp,32,info100,2,ETTm1__mlp32__info100__seed2,completed,16.53830075263977,18,0.08114662766456604,5584,12000,2000,4000,17.124948501586914,9.173035621643066,0.10640095919370651,0.2526719570159912,0.0806826502084732,0.132119283080101,0.05255235359072685,0.3597763180732727,0.4473574757575989,0.11183936893939972,4000
ETTm1,mlp,32,info50,0,ETTm1__mlp32__info50__seed0,completed,14.766164779663086,18,0.1885092556476593,5584,12000,2000,4000,17.124948501586914,9.173035621643066,0.21700263023376465,0.3314547836780548,0.0835220068693161,0.350483238697052,0.2649761140346527,0.1572808176279068,0.4473574757575989,0.11183936893939972,4000
ETTm1,mlp,32,info50,1,ETTm1__mlp32__info50__seed1,completed,14.913935661315918,18,0.18982495367527008,5584,12000,2000,4000,17.124948501586914,9.173035621643066,0.24281683564186096,0.3653372526168823,0.10529592633247375,0.38033780455589294,0.2699124217033386,0.147629976272583,0.4473574757575989,0.11183936893939972,4000
ETTm1,mlp,32,info50,2,ETTm1__mlp32__info50__seed2,completed,14.83342456817627,18,0.1863907426595688,5584,12000,2000,4000,17.124948501586914,9.173035621643066,0.2379479706287384,0.3582226037979126,0.10329592972993851,0.3726000487804413,0.2636201083660126,0.1566062569618225,0.4473574757575989,0.11183936893939972,4000
ETTm1,mlp,512,info0,0,ETTm1__mlp512__info0__seed0,completed,7.449432849884033,10,0.2842685878276825,210784,12000,2000,4000,17.124948501586914,9.173035621643066,0.31372717022895813,0.39165544509887695,0.08750039339065552,0.5399540066719055,0.4473574757575989,0.0,0.4473574757575989,0.11183936893939972,4000
ETTm1,mlp,512,info0,1,ETTm1__mlp512__info0__seed1,completed,7.333202362060547,10,0.28345003724098206,210784,12000,2000,4000,17.124948501586914,9.173035621643066,0.3183306157588959,0.4042884111404419,0.09242997318506241,0.5442312955856323,0.4473574757575989,0.0,0.4473574757575989,0.11183936893939972,4000
ETTm1,mlp,512,info0,2,ETTm1__mlp512__info0__seed2,completed,7.565345525741577,10,0.28412413597106934,210784,12000,2000,4000,17.124948501586914,9.173035621643066,0.29030999541282654,0.36170870065689087,0.06414157897233963,0.5164784789085388,0.4473574757575989,0.0,0.4473574757575989,0.11183936893939972,4000
ETTm1,mlp,512,info100,0,ETTm1__mlp512__info100__seed0,completed,15.871251583099365,18,0.06548083573579788,210784,12000,2000,4000,17.124948501586914,9.173035621643066,0.1245662048459053,0.2817632257938385,0.11220484226942062,0.13692758977413177,0.025519028306007385,0.3950519263744354,0.4473574757575989,0.11183936893939972,4000
ETTm1,mlp,512,info100,1,ETTm1__mlp512__info100__seed1,completed,15.98033356666565,18,0.06555944681167603,210784,12000,2000,4000,17.124948501586914,9.173035621643066,0.06933050602674484,0.19750818610191345,0.06225331127643585,0.07640772312879562,0.024434709921479225,0.412765234708786,0.4473574757575989,0.11183936893939972,4000
ETTm1,mlp,512,info100,2,ETTm1__mlp512__info100__seed2,completed,15.805151224136353,18,0.06518968939781189,210784,12000,2000,4000,17.124948501586914,9.173035621643066,0.12072202563285828,0.2733977735042572,0.11166969686746597,0.12977437674999237,0.028140133246779442,0.3309926688671112,0.4473574757575989,0.11183936893939972,4000
ETTm1,mlp,512,info50,0,ETTm1__mlp512__info50__seed0,completed,14.48950743675232,18,0.1751558631658554,210784,12000,2000,4000,17.124948501586914,9.173035621643066,0.19820745289325714,0.30051007866859436,0.07546155154705048,0.320953369140625,0.2398436963558197,0.20764096081256866,0.4473574757575989,0.11183936893939972,4000
ETTm1,mlp,512,info50,1,ETTm1__mlp512__info50__seed1,completed,10.82292628288269,13,0.1762661188840866,210784,12000,2000,4000,17.124948501586914,9.173035621643066,0.18711084127426147,0.29165780544281006,0.0627075806260109,0.31151410937309265,0.24475707113742828,0.2105109542608261,0.4473574757575989,0.11183936893939972,4000
ETTm1,mlp,512,info50,2,ETTm1__mlp512__info50__seed2,completed,12.8365478515625,15,0.17535081505775452,210784,12000,2000,4000,17.124948501586914,9.173035621643066,0.26286208629608154,0.3845675587654114,0.14065906405448914,0.38506510853767395,0.2422545850276947,0.21023045480251312,0.4473574757575989,0.11183936893939972,4000
weather,gru,64,info0,0,weather__gru64__info0__seed0,completed,10.892526149749756,12,0.23265421390533447,23776,12000,2000,4000,411.0543518066406,383.9571228027344,0.22807945311069489,0.2610796391963959,0.004806950688362122,0.45135197043418884,0.44595545530319214,0.0,0.44595545530319214,0.11148886382579803,4000
weather,gru,64,info0,1,weather__gru64__info0__seed1,completed,6.839797258377075,8,0.23296399414539337,23776,12000,2000,4000,411.0543518066406,383.9571228027344,0.2283032387495041,0.2630341649055481,0.005058287177234888,0.45154818892478943,0.44595545530319214,0.0,0.44595545530319214,0.11148886382579803,4000
weather,gru,64,info0,2,weather__gru64__info0__seed2,completed,10.456580638885498,12,0.2328156679868698,23776,12000,2000,4000,411.0543518066406,383.9571228027344,0.22831591963768005,0.2625117599964142,0.0050607542507350445,0.4515710175037384,0.44595545530319214,0.0,0.44595545530319214,0.11148886382579803,4000
weather,gru,64,info100,0,weather__gru64__info100__seed0,completed,22.370633125305176,18,0.03125740587711334,23776,12000,2000,4000,411.0543518066406,383.9571228027344,0.03389913588762283,0.11785938590765,0.007748763542622328,0.06004949286580086,0.05156373605132103,0.3806878626346588,0.44595545530319214,0.11148886382579803,4000
weather,gru,64,info100,1,weather__gru64__info100__seed1,completed,21.381733417510986,18,0.02934342436492443,23776,12000,2000,4000,411.0543518066406,383.9571228027344,0.031316209584474564,0.11020933091640472,0.007156876381486654,0.055475544184446335,0.049287185072898865,0.3699389696121216,0.44595545530319214,0.11148886382579803,4000
weather,gru,64,info100,2,weather__gru64__info100__seed2,completed,21.60307025909424,18,0.03068925440311432,23776,12000,2000,4000,411.0543518066406,383.9571228027344,0.032821543514728546,0.1154458224773407,0.006886766292154789,0.05875631794333458,0.05281483381986618,0.3863411843776703,0.44595545530319214,0.11148886382579803,4000
weather,mlp,128,info0,0,weather__mlp128__info0__seed0,completed,5.391302108764648,7,0.23271875083446503,28192,12000,2000,4000,411.0543518066406,383.9571228027344,0.22902584075927734,0.2670617699623108,0.005954712629318237,0.45209699869155884,0.44595545530319214,0.0,0.44595545530319214,0.11148886382579803,4000
weather,mlp,128,info0,1,weather__mlp128__info0__seed1,completed,3.903697967529297,5,0.23278234899044037,28192,12000,2000,4000,411.0543518066406,383.9571228027344,0.2291635125875473,0.26580366492271423,0.005956040229648352,0.4523709714412689,0.44595545530319214,0.0,0.44595545530319214,0.11148886382579803,4000
weather,mlp,128,info0,2,weather__mlp128__info0__seed2,completed,9.284080266952515,12,0.23227864503860474,28192,12000,2000,4000,411.0543518066406,383.9571228027344,0.22710497677326202,0.2638902962207794,0.0043974327854812145,0.4498125910758972,0.44595545530319214,0.0,0.44595545530319214,0.11148886382579803,4000
weather,mlp,128,info100,0,weather__mlp128__info100__seed0,completed,20.09122896194458,18,0.019765323027968407,28192,12000,2000,4000,411.0543518066406,383.9571228027344,0.01972123794257641,0.0943388044834137,0.005891761742532253,0.03355071693658829,0.03160477057099342,0.4317987263202667,0.44595545530319214,0.11148886382579803,4000
weather,mlp,128,info100,1,weather__mlp128__info100__seed1,completed,18.005462169647217,16,0.019981684163212776,28192,12000,2000,4000,411.0543518066406,383.9571228027344,0.02004336751997471,0.09026990085840225,0.004828244913369417,0.03525849059224129,0.03334473446011543,0.43240997195243835,0.44595545530319214,0.11148886382579803,4000
weather,mlp,128,info100,2,weather__mlp128__info100__seed2,completed,13.508724927902222,12,0.022994548082351685,28192,12000,2000,4000,411.0543518066406,383.9571228027344,0.023832567036151886,0.10016807168722153,0.006402165163308382,0.04126296937465668,0.03630976378917694,0.3785553574562073,0.44595545530319214,0.11148886382579803,4000
weather,mlp,128,info50,0,weather__mlp128__info50__seed0,completed,13.7642822265625,14,0.1284683495759964,28192,12000,2000,4000,411.0543518066406,383.9571228027344,0.12079557031393051,0.17689543962478638,0.004399871453642845,0.23719128966331482,0.23332098126411438,0.21240615844726562,0.44595545530319214,0.11148886382579803,4000
weather,mlp,128,info50,1,weather__mlp128__info50__seed1,completed,14.753887414932251,15,0.12742388248443604,28192,12000,2000,4000,411.0543518066406,383.9571228027344,0.12053006887435913,0.1785421073436737,0.005266088061034679,0.2357940673828125,0.232039675116539,0.21436510980129242,0.44595545530319214,0.11148886382579803,4000
weather,mlp,128,info50,2,weather__mlp128__info50__seed2,completed,13.975868463516235,14,0.12903247773647308,28192,12000,2000,4000,411.0543518066406,383.9571228027344,0.12304362654685974,0.18732860684394836,0.00761950109153986,0.2384677529335022,0.2332429736852646,0.20740197598934174,0.44595545530319214,0.11148886382579803,4000
weather,mlp,128,placebo,0,weather__mlp128__placebo__seed0,completed,4.186140298843384,5,0.23470596969127655,28192,12000,2000,4000,411.0543518066406,383.9571228027344,0.22979801893234253,0.27161192893981934,0.006660055369138718,0.4529358744621277,0.44595545530319214,0.0,0.44595545530319214,0.11148886382579803,4000
weather,mlp,128,placebo,1,weather__mlp128__placebo__seed1,completed,7.372111082077026,9,0.23341397941112518,28192,12000,2000,4000,411.0543518066406,383.9571228027344,0.22859932482242584,0.26636162400245667,0.005424854811280966,0.45177385210990906,0.44595545530319214,0.0,0.44595545530319214,0.11148886382579803,4000
weather,mlp,128,placebo,2,weather__mlp128__placebo__seed2,completed,4.2712907791137695,5,0.23452535271644592,28192,12000,2000,4000,411.0543518066406,383.9571228027344,0.22926972806453705,0.2689589560031891,0.006203150376677513,0.4523363709449768,0.44595545530319214,0.0,0.44595545530319214,0.11148886382579803,4000
weather,mlp,128,shuffled,0,weather__mlp128__shuffled__seed0,completed,8.048413038253784,7,0.23357021808624268,28192,12000,2000,4000,411.0543518066406,383.9571228027344,0.22853584587574005,0.26599958539009094,0.005679755937308073,0.45139196515083313,0.4457899332046509,0.0005712613929063082,0.44595545530319214,0.11148886382579803,4000
weather,mlp,128,shuffled,1,weather__mlp128__shuffled__seed1,completed,20.291279315948486,18,0.23190459609031677,28192,12000,2000,4000,411.0543518066406,383.9571228027344,0.2263040840625763,0.2585626244544983,0.0035571574699133635,0.4490509331226349,0.4460676312446594,0.000676899217069149,0.44595545530319214,0.11148886382579803,4000
weather,mlp,128,shuffled,2,weather__mlp128__shuffled__seed2,completed,6.854128360748291,6,0.23241740465164185,28192,12000,2000,4000,411.0543518066406,383.9571228027344,0.22808414697647095,0.26320523023605347,0.005077040754258633,0.4510912597179413,0.4465188980102539,0.0010504107922315598,0.44595545530319214,0.11148886382579803,4000
weather,mlp,32,info0,0,weather__mlp32__info0__seed0,completed,5.482920169830322,7,0.23306874930858612,5584,12000,2000,4000,411.0543518066406,383.9571228027344,0.22872012853622437,0.26502612233161926,0.0054777576588094234,0.45196253061294556,0.44595545530319214,0.0,0.44595545530319214,0.11148886382579803,4000
weather,mlp,32,info0,1,weather__mlp32__info0__seed1,completed,6.940539121627808,9,0.23281747102737427,5584,12000,2000,4000,411.0543518066406,383.9571228027344,0.2277887761592865,0.26126107573509216,0.004622112028300762,0.45095548033714294,0.44595545530319214,0.0,0.44595545530319214,0.11148886382579803,4000
weather,mlp,32,info0,2,weather__mlp32__info0__seed2,completed,7.884182691574097,10,0.23356640338897705,5584,12000,2000,4000,411.0543518066406,383.9571228027344,0.2281944304704666,0.2628345489501953,0.005024902522563934,0.45136404037475586,0.44595545530319214,0.0,0.44595545530319214,0.11148886382579803,4000
weather,mlp,32,info100,0,weather__mlp32__info100__seed0,completed,20.05052947998047,18,0.02513730153441429,5584,12000,2000,4000,411.0543518066406,383.9571228027344,0.023705899715423584,0.09128094464540482,0.0024679896887391806,0.044943805783987045,0.04313984885811806,0.364315003156662,0.44595545530319214,0.11148886382579803,4000
weather,mlp,32,info100,1,weather__mlp32__info100__seed1,completed,20.213908672332764,18,0.024120233952999115,5584,12000,2000,4000,411.0543518066406,383.9571228027344,0.02436050958931446,0.09777317196130753,0.003931561950594187,0.04478945583105087,0.04098682478070259,0.36812159419059753,0.44595545530319214,0.11148886382579803,4000
weather,mlp,32,info100,2,weather__mlp32__info100__seed2,completed,20.124613046646118,18,0.025761403143405914,5584,12000,2000,4000,411.0543518066406,383.9571228027344,0.02687111496925354,0.10821963846683502,0.0055404179729521275,0.048201803117990494,0.04350198060274124,0.364871084690094,0.44595545530319214,0.11148886382579803,4000
weather,mlp,32,info50,0,weather__mlp32__info50__seed0,completed,18.326557874679565,18,0.1299813985824585,5584,12000,2000,4000,411.0543518066406,383.9571228027344,0.12241499871015549,0.17769010365009308,0.004314012359827757,0.24051599204540253,0.23723432421684265,0.20112936198711395,0.44595545530319214,0.11148886382579803,4000
weather,mlp,32,info50,1,weather__mlp32__info50__seed1,completed,18.01064443588257,18,0.12992803752422333,5584,12000,2000,4000,411.0543518066406,383.9571228027344,0.12119569629430771,0.17577283084392548,0.0036941608414053917,0.23869723081588745,0.23512002825737,0.21194425225257874,0.44595545530319214,0.11148886382579803,4000
weather,mlp,32,info50,2,weather__mlp32__info50__seed2,completed,18.271140575408936,18,0.13053017854690552,5584,12000,2000,4000,411.0543518066406,383.9571228027344,0.12357160449028015,0.1825728416442871,0.0050650229677557945,0.24207814037799835,0.23782296478748322,0.17626594007015228,0.44595545530319214,0.11148886382579803,4000
weather,mlp,512,info0,0,weather__mlp512__info0__seed0,completed,3.945751428604126,5,0.23282596468925476,210784,12000,2000,4000,411.0543518066406,383.9571228027344,0.22866743803024292,0.2665356993675232,0.005547381937503815,0.4517875611782074,0.44595545530319214,0.0,0.44595545530319214,0.11148886382579803,4000
weather,mlp,512,info0,1,weather__mlp512__info0__seed1,completed,8.607795715332031,11,0.23256339132785797,210784,12000,2000,4000,411.0543518066406,383.9571228027344,0.22548885643482208,0.2544284760951996,0.002840908942744136,0.4481368362903595,0.44595545530319214,0.0,0.44595545530319214,0.11148886382579803,4000
weather,mlp,512,info0,2,weather__mlp512__info0__seed2,completed,4.690884113311768,6,0.2326999455690384,210784,12000,2000,4000,411.0543518066406,383.9571228027344,0.2281198352575302,0.2632272243499756,0.00513925077393651,0.4511004686355591,0.44595545530319214,0.0,0.44595545530319214,0.11148886382579803,4000
weather,mlp,512,info100,0,weather__mlp512__info100__seed0,completed,18.11555004119873,16,0.018374525010585785,210784,12000,2000,4000,411.0543518066406,383.9571228027344,0.015034533105790615,0.07851657271385193,0.003392881480976939,0.026676183566451073,0.025725234299898148,0.42364034056663513,0.44595545530319214,0.11148886382579803,4000
weather,mlp,512,info100,1,weather__mlp512__info100__seed1,completed,17.253508806228638,15,0.0165522713214159,210784,12000,2000,4000,411.0543518066406,383.9571228027344,0.015407923609018326,0.07777834683656693,0.004122021142393351,0.026693832129240036,0.0265808068215847,0.4286966621875763,0.44595545530319214,0.11148886382579803,4000
weather,mlp,512,info100,2,weather__mlp512__info100__seed2,completed,15.94669508934021,14,0.018282750621438026,210784,12000,2000,4000,411.0543518066406,383.9571228027344,0.015882113948464394,0.08460713922977448,0.005326608661562204,0.026437614113092422,0.02632075548171997,0.43311378359794617,0.44595545530319214,0.11148886382579803,4000
weather,mlp,512,info50,0,weather__mlp512__info50__seed0,completed,10.193750143051147,10,0.12862057983875275,210784,12000,2000,4000,411.0543518066406,383.9571228027344,0.12018092721700668,0.17729118466377258,0.004715640097856522,0.23564621806144714,0.23259326815605164,0.21698345243930817,0.44595545530319214,0.11148886382579803,4000
weather,mlp,512,info50,1,weather__mlp512__info50__seed1,completed,15.359133005142212,15,0.12692654132843018,210784,12000,2000,4000,411.0543518066406,383.9571228027344,0.11739468574523926,0.1674870103597641,0.0038903853856027126,0.23089899122714996,0.22927416861057281,0.20642152428627014,0.44595545530319214,0.11148886382579803,4000
weather,mlp,512,info50,2,weather__mlp512__info50__seed2,completed,8.335240125656128,8,0.13122640550136566,210784,12000,2000,4000,411.0543518066406,383.9571228027344,0.12248227000236511,0.18118098378181458,0.0050538210198283195,0.23991072177886963,0.23505285382270813,0.2418050467967987,0.44595545530319214,0.11148886382579803,4000
